2026.04.22 18:49:56 INFO  Started: Metals version 1.6.7 in folders 'C:\Users\Utilizador\Desktop\Projetos\Projeto' for client Visual Studio Code 1.117.0.
2026.04.22 18:49:56 INFO  Memory monitor started
2026.04.22 18:49:56 WARN  Using H2 2.4.240 which is newer than the version Flyway has been verified with. The latest verified version of H2 is 2.3.232.
2026.04.22 18:49:57 INFO  no build target found for C:\Users\Utilizador\Desktop\Projetos\Projeto\Konane.scala. Using presentation compiler with project's scala-library version: 3.3.7
abr. 22, 2026 6:50:01 DA TARDE org.eclipse.lsp4j.jsonrpc.services.GenericEndpoint notify
INFO: Unsupported notification method: $/setTrace
abr. 22, 2026 6:50:01 DA TARDE org.eclipse.lsp4j.jsonrpc.RemoteEndpoint handleCancellation
WARNING: Unmatched cancel notification for request id 2
2026.04.22 18:50:01 INFO  no build target found for C:\Users\Utilizador\Desktop\Projetos\Projeto\Konane.scala. Using presentation compiler with project's scala-library version: 3.3.7
2026.04.22 18:50:01 INFO  no build target found for C:\Users\Utilizador\Desktop\Projetos\Projeto\Konane.scala. Using presentation compiler with project's scala-library version: 3.3.7
abr. 22, 2026 6:50:01 DA TARDE org.eclipse.lsp4j.jsonrpc.RemoteEndpoint handleCancellation
WARNING: Unmatched cancel notification for request id 3
2026.04.22 18:50:04 INFO  Running List(C:\Users\Utilizador\AppData\Local\Coursier\data\bin\scala-cli.BAT, setup-ide, C:\Users\Utilizador\Desktop\Projetos\Projeto)
2026.04.22 18:50:06 INFO  Attempting to connect to the build server...
2026.04.22 18:50:11 INFO  no build target found for C:\Users\Utilizador\Desktop\Projetos\Projeto\Konane.scala. Using presentation compiler with project's scala-library version: 3.3.7
2026.04.22 18:50:15 ERROR Failed to connect with build server, no functionality will work.
scala.concurrent.Future$$anon$2: Future.filter predicate is not satisfied

2026.04.22 18:50:15 WARN  no build target for: C:\Users\Utilizador\Desktop\Projetos\Projeto\Konane.scala
2026.04.22 18:50:15 INFO  no build target found for C:\Users\Utilizador\Desktop\Projetos\Projeto\Konane.scala. Using presentation compiler with project's scala-library version: 3.3.7
2026.04.22 18:50:15 INFO  no build target found for C:\Users\Utilizador\Desktop\Projetos\Projeto\Konane.scala. Using presentation compiler with project's scala-library version: 3.3.7
2026.04.22 18:50:17 INFO  time: code lens generation in 1.72s
2026.04.22 18:50:23 INFO  no build target found for C:\Users\Utilizador\Desktop\Projetos\Projeto\Konane.scala. Using presentation compiler with project's scala-library version: 3.3.7
2026.04.22 18:50:23 INFO  no build target found for C:\Users\Utilizador\Desktop\Projetos\Projeto\MyRandom.scala. Using presentation compiler with project's scala-library version: 3.3.7
2026.04.22 18:50:23 INFO  no build target found for C:\Users\Utilizador\Desktop\Projetos\Projeto\MyRandom.scala. Using presentation compiler with project's scala-library version: 3.3.7
2026.04.22 18:50:23 WARN  no build target for: C:\Users\Utilizador\Desktop\Projetos\Projeto\MyRandom.scala
abr. 22, 2026 6:50:23 DA TARDE org.eclipse.lsp4j.jsonrpc.RemoteEndpoint handleCancellation
WARNING: Unmatched cancel notification for request id 13
2026.04.22 18:50:23 INFO  no build target found for C:\Users\Utilizador\Desktop\Projetos\Projeto\MyRandom.scala. Using presentation compiler with project's scala-library version: 3.3.7
2026.04.22 18:50:23 INFO  no build target found for C:\Users\Utilizador\Desktop\Projetos\Projeto\MyRandom.scala. Using presentation compiler with project's scala-library version: 3.3.7
2026.04.22 18:50:23 INFO  no build target found for C:\Users\Utilizador\Desktop\Projetos\Projeto\MyRandom.scala. Using presentation compiler with project's scala-library version: 3.3.7
2026.04.22 18:50:24 INFO  no build target found for C:\Users\Utilizador\Desktop\Projetos\Projeto\MyRandom.scala. Using presentation compiler with project's scala-library version: 3.3.7
2026.04.22 18:50:24 INFO  no build target found for C:\Users\Utilizador\Desktop\Projetos\Projeto\Konane.scala. Using presentation compiler with project's scala-library version: 3.3.7
2026.04.22 18:50:24 INFO  no build target found for C:\Users\Utilizador\Desktop\Projetos\Projeto\Konane.scala. Using presentation compiler with project's scala-library version: 3.3.7
2026.04.22 18:50:23 WARN  no build target for: C:\Users\Utilizador\Desktop\Projetos\Projeto\Konane.scala
2026.04.22 18:50:24 INFO  no build target found for C:\Users\Utilizador\Desktop\Projetos\Projeto\Konane.scala. Using presentation compiler with project's scala-library version: 3.3.7
2026.04.22 18:50:24 INFO  no build target found for C:\Users\Utilizador\Desktop\Projetos\Projeto\Konane.scala. Using presentation compiler with project's scala-library version: 3.3.7
2026.04.22 18:50:24 INFO  no build target found for C:\Users\Utilizador\Desktop\Projetos\Projeto\Konane.scala. Using presentation compiler with project's scala-library version: 3.3.7
2026.04.22 18:50:25 INFO  no build target found for C:\Users\Utilizador\Desktop\Projetos\Projeto\Konane.scala. Using presentation compiler with project's scala-library version: 3.3.7
2026.04.22 18:50:25 INFO  no build target found for C:\Users\Utilizador\Desktop\Projetos\Projeto\Konane.scala. Using presentation compiler with project's scala-library version: 3.3.7
2026.04.22 18:50:25 INFO  no build target found for C:\Users\Utilizador\Desktop\Projetos\Projeto\Konane.scala. Using presentation compiler with project's scala-library version: 3.3.7
2026.04.22 18:50:25 INFO  no build target found for C:\Users\Utilizador\Desktop\Projetos\Projeto\Konane.scala. Using presentation compiler with project's scala-library version: 3.3.7
2026.04.22 18:50:25 INFO  no build target found for C:\Users\Utilizador\Desktop\Projetos\Projeto\Konane.scala. Using presentation compiler with project's scala-library version: 3.3.7
2026.04.22 18:50:26 INFO  no build target found for C:\Users\Utilizador\Desktop\Projetos\Projeto\Konane.scala. Using presentation compiler with project's scala-library version: 3.3.7
2026.04.22 18:50:26 INFO  no build target found for C:\Users\Utilizador\Desktop\Projetos\Projeto\Konane.scala. Using presentation compiler with project's scala-library version: 3.3.7
2026.04.22 18:50:26 INFO  no build target found for C:\Users\Utilizador\Desktop\Projetos\Projeto\Konane.scala. Using presentation compiler with project's scala-library version: 3.3.7
2026.04.22 18:50:26 INFO  no build target found for C:\Users\Utilizador\Desktop\Projetos\Projeto\Konane.scala. Using presentation compiler with project's scala-library version: 3.3.7
2026.04.22 18:50:26 INFO  no build target found for C:\Users\Utilizador\Desktop\Projetos\Projeto\Konane.scala. Using presentation compiler with project's scala-library version: 3.3.7
2026.04.22 18:50:28 INFO  no build target found for C:\Users\Utilizador\Desktop\Projetos\Projeto\Konane.scala. Using presentation compiler with project's scala-library version: 3.3.7
2026.04.22 18:50:28 INFO  no build target found for C:\Users\Utilizador\Desktop\Projetos\Projeto\Konane.scala. Using presentation compiler with project's scala-library version: 3.3.7
2026.04.22 18:50:28 INFO  no build target found for C:\Users\Utilizador\Desktop\Projetos\Projeto\Konane.scala. Using presentation compiler with project's scala-library version: 3.3.7
2026.04.22 18:50:28 INFO  no build target found for C:\Users\Utilizador\Desktop\Projetos\Projeto\Konane.scala. Using presentation compiler with project's scala-library version: 3.3.7
2026.04.22 18:50:28 WARN  no build target for: C:\Users\Utilizador\Desktop\Projetos\Projeto\Konane.scala
2026.04.22 18:50:28 INFO  no build target found for C:\Users\Utilizador\Desktop\Projetos\Projeto\Konane.scala. Using presentation compiler with project's scala-library version: 3.3.7
2026.04.22 18:50:29 INFO  no build target found for C:\Users\Utilizador\Desktop\Projetos\Projeto\Konane.scala. Using presentation compiler with project's scala-library version: 3.3.7
2026.04.22 18:50:29 INFO  no build target found for C:\Users\Utilizador\Desktop\Projetos\Projeto\Konane.scala. Using presentation compiler with project's scala-library version: 3.3.7
2026.04.22 18:50:29 INFO  no build target found for C:\Users\Utilizador\Desktop\Projetos\Projeto\Konane.scala. Using presentation compiler with project's scala-library version: 3.3.7
2026.04.22 18:50:29 INFO  no build target found for C:\Users\Utilizador\Desktop\Projetos\Projeto\Konane.scala. Using presentation compiler with project's scala-library version: 3.3.7
2026.04.22 18:50:29 INFO  no build target found for C:\Users\Utilizador\Desktop\Projetos\Projeto\Konane.scala. Using presentation compiler with project's scala-library version: 3.3.7
2026.04.22 18:50:29 INFO  no build target found for C:\Users\Utilizador\Desktop\Projetos\Projeto\Konane.scala. Using presentation compiler with project's scala-library version: 3.3.7
2026.04.22 18:50:29 INFO  no build target found for C:\Users\Utilizador\Desktop\Projetos\Projeto\Konane.scala. Using presentation compiler with project's scala-library version: 3.3.7
2026.04.22 18:50:29 INFO  no build target found for C:\Users\Utilizador\Desktop\Projetos\Projeto\Konane.scala. Using presentation compiler with project's scala-library version: 3.3.7
abr. 22, 2026 6:50:30 DA TARDE org.eclipse.lsp4j.jsonrpc.RemoteEndpoint handleCancellation
WARNING: Unmatched cancel notification for request id 54
2026.04.22 18:50:30 INFO  no build target found for C:\Users\Utilizador\Desktop\Projetos\Projeto\Konane.scala. Using presentation compiler with project's scala-library version: 3.3.7
2026.04.22 18:50:30 INFO  no build target found for C:\Users\Utilizador\Desktop\Projetos\Projeto\Konane.scala. Using presentation compiler with project's scala-library version: 3.3.7
2026.04.22 18:50:30 INFO  no build target found for C:\Users\Utilizador\Desktop\Projetos\Projeto\Konane.scala. Using presentation compiler with project's scala-library version: 3.3.7
2026.04.22 18:50:30 INFO  no build target found for C:\Users\Utilizador\Desktop\Projetos\Projeto\Konane.scala. Using presentation compiler with project's scala-library version: 3.3.7
2026.04.22 18:50:30 INFO  no build target found for C:\Users\Utilizador\Desktop\Projetos\Projeto\Konane.scala. Using presentation compiler with project's scala-library version: 3.3.7
2026.04.22 18:50:30 INFO  no build target found for C:\Users\Utilizador\Desktop\Projetos\Projeto\Konane.scala. Using presentation compiler with project's scala-library version: 3.3.7
2026.04.22 18:50:31 INFO  no build target found for C:\Users\Utilizador\Desktop\Projetos\Projeto\Konane.scala. Using presentation compiler with project's scala-library version: 3.3.7
2026.04.22 18:50:30 INFO  no build target found for C:\Users\Utilizador\Desktop\Projetos\Projeto\Konane.scala. Using presentation compiler with project's scala-library version: 3.3.7
2026.04.22 18:50:31 INFO  no build target found for C:\Users\Utilizador\Desktop\Projetos\Projeto\Konane.scala. Using presentation compiler with project's scala-library version: 3.3.7
2026.04.22 18:50:31 INFO  no build target found for C:\Users\Utilizador\Desktop\Projetos\Projeto\Konane.scala. Using presentation compiler with project's scala-library version: 3.3.7
2026.04.22 18:50:32 INFO  no build target found for C:\Users\Utilizador\Desktop\Projetos\Projeto\Konane.scala. Using presentation compiler with project's scala-library version: 3.3.7
2026.04.22 18:50:32 WARN  no build target for: C:\Users\Utilizador\Desktop\Projetos\Projeto\Konane.scala
2026.04.22 18:50:32 INFO  no build target found for C:\Users\Utilizador\Desktop\Projetos\Projeto\Konane.scala. Using presentation compiler with project's scala-library version: 3.3.7
2026.04.22 18:50:31 INFO  no build target found for C:\Users\Utilizador\Desktop\Projetos\Projeto\Konane.scala. Using presentation compiler with project's scala-library version: 3.3.7
2026.04.22 18:50:31 INFO  no build target found for C:\Users\Utilizador\Desktop\Projetos\Projeto\Konane.scala. Using presentation compiler with project's scala-library version: 3.3.7
2026.04.22 18:50:31 INFO  no build target found for C:\Users\Utilizador\Desktop\Projetos\Projeto\Konane.scala. Using presentation compiler with project's scala-library version: 3.3.7
2026.04.22 18:50:31 INFO  no build target found for C:\Users\Utilizador\Desktop\Projetos\Projeto\Konane.scala. Using presentation compiler with project's scala-library version: 3.3.7
2026.04.22 18:50:31 INFO  no build target found for C:\Users\Utilizador\Desktop\Projetos\Projeto\Konane.scala. Using presentation compiler with project's scala-library version: 3.3.7
2026.04.22 18:50:31 INFO  no build target found for C:\Users\Utilizador\Desktop\Projetos\Projeto\Konane.scala. Using presentation compiler with project's scala-library version: 3.3.7
2026.04.22 18:50:31 INFO  no build target found for C:\Users\Utilizador\Desktop\Projetos\Projeto\Konane.scala. Using presentation compiler with project's scala-library version: 3.3.7
2026.04.22 18:50:33 INFO  no build target found for C:\Users\Utilizador\Desktop\Projetos\Projeto\Konane.scala. Using presentation compiler with project's scala-library version: 3.3.7
2026.04.22 18:50:33 INFO  no build target found for C:\Users\Utilizador\Desktop\Projetos\Projeto\Konane.scala. Using presentation compiler with project's scala-library version: 3.3.7
2026.04.22 18:50:33 INFO  no build target found for C:\Users\Utilizador\Desktop\Projetos\Projeto\Konane.scala. Using presentation compiler with project's scala-library version: 3.3.7
abr. 22, 2026 6:50:33 DA TARDE org.eclipse.lsp4j.jsonrpc.RemoteEndpoint handleCancellation
WARNING: Unmatched cancel notification for request id 78
2026.04.22 18:50:33 INFO  no build target found for C:\Users\Utilizador\Desktop\Projetos\Projeto\Konane.scala. Using presentation compiler with project's scala-library version: 3.3.7
2026.04.22 18:50:33 INFO  no build target found for C:\Users\Utilizador\Desktop\Projetos\Projeto\Konane.scala. Using presentation compiler with project's scala-library version: 3.3.7
2026.04.22 18:50:34 WARN  no build target for: C:\Users\Utilizador\Desktop\Projetos\Projeto\Konane.scala
2026.04.22 18:50:34 INFO  no build target found for C:\Users\Utilizador\Desktop\Projetos\Projeto\Konane.scala. Using presentation compiler with project's scala-library version: 3.3.7
2026.04.22 18:50:36 INFO  no build target found for C:\Users\Utilizador\Desktop\Projetos\Projeto\Konane.scala. Using presentation compiler with project's scala-library version: 3.3.7
2026.04.22 18:50:37 INFO  no build target found for C:\Users\Utilizador\Desktop\Projetos\Projeto\Konane.scala. Using presentation compiler with project's scala-library version: 3.3.7
2026.04.22 18:50:38 WARN  no build target for: C:\Users\Utilizador\Desktop\Projetos\Projeto\MyRandom.scala
2026.04.22 18:50:38 INFO  no build target found for C:\Users\Utilizador\Desktop\Projetos\Projeto\MyRandom.scala. Using presentation compiler with project's scala-library version: 3.3.7
2026.04.22 18:50:38 INFO  no build target found for C:\Users\Utilizador\Desktop\Projetos\Projeto\MyRandom.scala. Using presentation compiler with project's scala-library version: 3.3.7
2026.04.22 18:50:38 INFO  no build target found for C:\Users\Utilizador\Desktop\Projetos\Projeto\MyRandom.scala. Using presentation compiler with project's scala-library version: 3.3.7
2026.04.22 18:50:38 INFO  no build target found for C:\Users\Utilizador\Desktop\Projetos\Projeto\MyRandom.scala. Using presentation compiler with project's scala-library version: 3.3.7
2026.04.22 18:50:39 INFO  no build target found for C:\Users\Utilizador\Desktop\Projetos\Projeto\MyRandom.scala. Using presentation compiler with project's scala-library version: 3.3.7
2026.04.22 18:50:39 INFO  no build target found for C:\Users\Utilizador\Desktop\Projetos\Projeto\MyRandom.scala. Using presentation compiler with project's scala-library version: 3.3.7
2026.04.22 18:50:39 INFO  no build target found for C:\Users\Utilizador\Desktop\Projetos\Projeto\RandomWithState.scala. Using presentation compiler with project's scala-library version: 3.3.7
2026.04.22 18:50:39 WARN  no build target for: C:\Users\Utilizador\Desktop\Projetos\Projeto\RandomWithState.scala
2026.04.22 18:50:39 INFO  no build target found for C:\Users\Utilizador\Desktop\Projetos\Projeto\RandomWithState.scala. Using presentation compiler with project's scala-library version: 3.3.7
2026.04.22 18:50:39 INFO  no build target found for C:\Users\Utilizador\Desktop\Projetos\Projeto\RandomWithState.scala. Using presentation compiler with project's scala-library version: 3.3.7
abr. 22, 2026 6:50:39 DA TARDE org.eclipse.lsp4j.jsonrpc.RemoteEndpoint handleCancellation
WARNING: Unmatched cancel notification for request id 95
2026.04.22 18:50:39 INFO  no build target found for C:\Users\Utilizador\Desktop\Projetos\Projeto\RandomWithState.scala. Using presentation compiler with project's scala-library version: 3.3.7
2026.04.22 18:50:39 INFO  no build target found for C:\Users\Utilizador\Desktop\Projetos\Projeto\RandomWithState.scala. Using presentation compiler with project's scala-library version: 3.3.7
2026.04.22 18:50:39 INFO  no build target found for C:\Users\Utilizador\Desktop\Projetos\Projeto\RandomWithState.scala. Using presentation compiler with project's scala-library version: 3.3.7
2026.04.22 18:50:40 INFO  no build target found for C:\Users\Utilizador\Desktop\Projetos\Projeto\Utils.scala. Using presentation compiler with project's scala-library version: 3.3.7
2026.04.22 18:50:40 WARN  no build target for: C:\Users\Utilizador\Desktop\Projetos\Projeto\Utils.scala
2026.04.22 18:50:40 INFO  no build target found for C:\Users\Utilizador\Desktop\Projetos\Projeto\Utils.scala. Using presentation compiler with project's scala-library version: 3.3.7
2026.04.22 18:50:40 INFO  no build target found for C:\Users\Utilizador\Desktop\Projetos\Projeto\Utils.scala. Using presentation compiler with project's scala-library version: 3.3.7
2026.04.22 18:50:40 INFO  no build target found for C:\Users\Utilizador\Desktop\Projetos\Projeto\Utils.scala. Using presentation compiler with project's scala-library version: 3.3.7
2026.04.22 18:50:40 INFO  no build target found for C:\Users\Utilizador\Desktop\Projetos\Projeto\Utils.scala. Using presentation compiler with project's scala-library version: 3.3.7
2026.04.22 18:50:42 INFO  no build target found for C:\Users\Utilizador\Desktop\Projetos\Projeto\Konane.scala. Using presentation compiler with project's scala-library version: 3.3.7
2026.04.22 18:50:42 WARN  no build target for: C:\Users\Utilizador\Desktop\Projetos\Projeto\Konane.scala
2026.04.22 18:50:42 INFO  no build target found for C:\Users\Utilizador\Desktop\Projetos\Projeto\Konane.scala. Using presentation compiler with project's scala-library version: 3.3.7
2026.04.22 18:50:42 INFO  no build target found for C:\Users\Utilizador\Desktop\Projetos\Projeto\Konane.scala. Using presentation compiler with project's scala-library version: 3.3.7
2026.04.22 18:50:42 INFO  no build target found for C:\Users\Utilizador\Desktop\Projetos\Projeto\Konane.scala. Using presentation compiler with project's scala-library version: 3.3.7
2026.04.22 18:50:42 INFO  no build target found for C:\Users\Utilizador\Desktop\Projetos\Projeto\Konane.scala. Using presentation compiler with project's scala-library version: 3.3.7
2026.04.22 18:50:59 INFO  no build target found for C:\Users\Utilizador\Desktop\Projetos\Projeto\Utils.scala. Using presentation compiler with project's scala-library version: 3.3.7
2026.04.22 18:50:59 INFO  no build target found for C:\Users\Utilizador\Desktop\Projetos\Projeto\MyRandom.scala. Using presentation compiler with project's scala-library version: 3.3.7
2026.04.22 18:50:59 INFO  no build target found for C:\Users\Utilizador\Desktop\Projetos\Projeto\MyRandom.scala. Using presentation compiler with project's scala-library version: 3.3.7
2026.04.22 18:50:59 WARN  no build target for: C:\Users\Utilizador\Desktop\Projetos\Projeto\MyRandom.scala
2026.04.22 18:50:59 INFO  no build target found for C:\Users\Utilizador\Desktop\Projetos\Projeto\MyRandom.scala. Using presentation compiler with project's scala-library version: 3.3.7
2026.04.22 18:50:59 INFO  no build target found for C:\Users\Utilizador\Desktop\Projetos\Projeto\MyRandom.scala. Using presentation compiler with project's scala-library version: 3.3.7
2026.04.22 18:51:00 INFO  no build target found for C:\Users\Utilizador\Desktop\Projetos\Projeto\MyRandom.scala. Using presentation compiler with project's scala-library version: 3.3.7
2026.04.22 18:51:01 INFO  no build target found for C:\Users\Utilizador\Desktop\Projetos\Projeto\Konane.scala. Using presentation compiler with project's scala-library version: 3.3.7
2026.04.22 18:51:01 WARN  no build target for: C:\Users\Utilizador\Desktop\Projetos\Projeto\Konane.scala
2026.04.22 18:51:01 INFO  no build target found for C:\Users\Utilizador\Desktop\Projetos\Projeto\Konane.scala. Using presentation compiler with project's scala-library version: 3.3.7
2026.04.22 18:51:01 INFO  no build target found for C:\Users\Utilizador\Desktop\Projetos\Projeto\Konane.scala. Using presentation compiler with project's scala-library version: 3.3.7
2026.04.22 18:51:01 INFO  no build target found for C:\Users\Utilizador\Desktop\Projetos\Projeto\Konane.scala. Using presentation compiler with project's scala-library version: 3.3.7
2026.04.22 18:51:01 INFO  no build target found for C:\Users\Utilizador\Desktop\Projetos\Projeto\Konane.scala. Using presentation compiler with project's scala-library version: 3.3.7
2026.04.22 18:51:03 INFO  no build target found for C:\Users\Utilizador\Desktop\Projetos\Projeto\Konane.scala. Using presentation compiler with project's scala-library version: 3.3.7
2026.04.22 18:51:03 INFO  no build target found for C:\Users\Utilizador\Desktop\Projetos\Projeto\Konane.scala. Using presentation compiler with project's scala-library version: 3.3.7
2026.04.22 18:51:03 INFO  no build target found for C:\Users\Utilizador\Desktop\Projetos\Projeto\Konane.scala. Using presentation compiler with project's scala-library version: 3.3.7
2026.04.22 18:51:03 INFO  no build target found for C:\Users\Utilizador\Desktop\Projetos\Projeto\Konane.scala. Using presentation compiler with project's scala-library version: 3.3.7
2026.04.22 18:51:03 INFO  no build target found for C:\Users\Utilizador\Desktop\Projetos\Projeto\Konane.scala. Using presentation compiler with project's scala-library version: 3.3.7
2026.04.22 18:51:04 INFO  no build target found for C:\Users\Utilizador\Desktop\Projetos\Projeto\Konane.scala. Using presentation compiler with project's scala-library version: 3.3.7
2026.04.22 18:51:04 INFO  no build target found for C:\Users\Utilizador\Desktop\Projetos\Projeto\Konane.scala. Using presentation compiler with project's scala-library version: 3.3.7
2026.04.22 18:51:04 INFO  no build target found for C:\Users\Utilizador\Desktop\Projetos\Projeto\Konane.scala. Using presentation compiler with project's scala-library version: 3.3.7
2026.04.22 18:51:04 INFO  no build target found for C:\Users\Utilizador\Desktop\Projetos\Projeto\Konane.scala. Using presentation compiler with project's scala-library version: 3.3.7
2026.04.22 18:51:04 INFO  no build target found for C:\Users\Utilizador\Desktop\Projetos\Projeto\Konane.scala. Using presentation compiler with project's scala-library version: 3.3.7
2026.04.22 18:51:04 INFO  no build target found for C:\Users\Utilizador\Desktop\Projetos\Projeto\Konane.scala. Using presentation compiler with project's scala-library version: 3.3.7
2026.04.22 18:51:04 INFO  no build target found for C:\Users\Utilizador\Desktop\Projetos\Projeto\Konane.scala. Using presentation compiler with project's scala-library version: 3.3.7
2026.04.22 18:51:04 INFO  no build target found for C:\Users\Utilizador\Desktop\Projetos\Projeto\Konane.scala. Using presentation compiler with project's scala-library version: 3.3.7
2026.04.22 18:51:04 INFO  no build target found for C:\Users\Utilizador\Desktop\Projetos\Projeto\Konane.scala. Using presentation compiler with project's scala-library version: 3.3.7
2026.04.22 18:51:05 INFO  no build target found for C:\Users\Utilizador\Desktop\Projetos\Projeto\Konane.scala. Using presentation compiler with project's scala-library version: 3.3.7
2026.04.22 18:51:05 INFO  no build target found for C:\Users\Utilizador\Desktop\Projetos\Projeto\Konane.scala. Using presentation compiler with project's scala-library version: 3.3.7
2026.04.22 18:51:05 INFO  no build target found for C:\Users\Utilizador\Desktop\Projetos\Projeto\Konane.scala. Using presentation compiler with project's scala-library version: 3.3.7
2026.04.22 18:51:05 INFO  no build target found for C:\Users\Utilizador\Desktop\Projetos\Projeto\Konane.scala. Using presentation compiler with project's scala-library version: 3.3.7
2026.04.22 18:51:05 INFO  no build target found for C:\Users\Utilizador\Desktop\Projetos\Projeto\Konane.scala. Using presentation compiler with project's scala-library version: 3.3.7
2026.04.22 18:51:05 INFO  no build target found for C:\Users\Utilizador\Desktop\Projetos\Projeto\Konane.scala. Using presentation compiler with project's scala-library version: 3.3.7
2026.04.22 18:51:06 INFO  no build target found for C:\Users\Utilizador\Desktop\Projetos\Projeto\Konane.scala. Using presentation compiler with project's scala-library version: 3.3.7
2026.04.22 18:51:05 INFO  time: code lens generation in 1.12s
2026.04.22 18:51:06 WARN  no build target for: C:\Users\Utilizador\Desktop\Projetos\Projeto\Konane.scala
2026.04.22 18:51:05 INFO  no build target found for C:\Users\Utilizador\Desktop\Projetos\Projeto\Konane.scala. Using presentation compiler with project's scala-library version: 3.3.7
2026.04.22 18:51:06 INFO  no build target found for C:\Users\Utilizador\Desktop\Projetos\Projeto\Konane.scala. Using presentation compiler with project's scala-library version: 3.3.7
2026.04.22 18:51:06 INFO  no build target found for C:\Users\Utilizador\Desktop\Projetos\Projeto\Konane.scala. Using presentation compiler with project's scala-library version: 3.3.7
2026.04.22 18:51:06 INFO  no build target found for C:\Users\Utilizador\Desktop\Projetos\Projeto\Konane.scala. Using presentation compiler with project's scala-library version: 3.3.7
2026.04.22 18:51:06 INFO  no build target found for C:\Users\Utilizador\Desktop\Projetos\Projeto\Konane.scala. Using presentation compiler with project's scala-library version: 3.3.7
2026.04.22 18:51:07 INFO  no build target found for C:\Users\Utilizador\Desktop\Projetos\Projeto\Konane.scala. Using presentation compiler with project's scala-library version: 3.3.7
2026.04.22 18:51:08 INFO  no build target found for C:\Users\Utilizador\Desktop\Projetos\Projeto\Konane.scala. Using presentation compiler with project's scala-library version: 3.3.7
2026.04.22 18:51:08 INFO  no build target found for C:\Users\Utilizador\Desktop\Projetos\Projeto\Konane.scala. Using presentation compiler with project's scala-library version: 3.3.7
2026.04.22 18:51:08 INFO  no build target found for C:\Users\Utilizador\Desktop\Projetos\Projeto\Konane.scala. Using presentation compiler with project's scala-library version: 3.3.7
2026.04.22 18:51:08 INFO  no build target found for C:\Users\Utilizador\Desktop\Projetos\Projeto\Konane.scala. Using presentation compiler with project's scala-library version: 3.3.7
2026.04.22 18:51:08 INFO  no build target found for C:\Users\Utilizador\Desktop\Projetos\Projeto\Konane.scala. Using presentation compiler with project's scala-library version: 3.3.7
2026.04.22 18:51:08 INFO  no build target found for C:\Users\Utilizador\Desktop\Projetos\Projeto\Konane.scala. Using presentation compiler with project's scala-library version: 3.3.7
2026.04.22 18:51:09 INFO  no build target found for C:\Users\Utilizador\Desktop\Projetos\Projeto\Konane.scala. Using presentation compiler with project's scala-library version: 3.3.7
2026.04.22 18:51:09 WARN  no build target for: C:\Users\Utilizador\Desktop\Projetos\Projeto\Konane.scala
2026.04.22 18:51:09 INFO  no build target found for C:\Users\Utilizador\Desktop\Projetos\Projeto\Konane.scala. Using presentation compiler with project's scala-library version: 3.3.7
2026.04.22 18:51:09 INFO  no build target found for C:\Users\Utilizador\Desktop\Projetos\Projeto\Konane.scala. Using presentation compiler with project's scala-library version: 3.3.7
2026.04.22 18:51:09 INFO  no build target found for C:\Users\Utilizador\Desktop\Projetos\Projeto\Konane.scala. Using presentation compiler with project's scala-library version: 3.3.7
2026.04.22 18:51:09 INFO  no build target found for C:\Users\Utilizador\Desktop\Projetos\Projeto\Konane.scala. Using presentation compiler with project's scala-library version: 3.3.7
2026.04.22 18:51:09 INFO  no build target found for C:\Users\Utilizador\Desktop\Projetos\Projeto\Konane.scala. Using presentation compiler with project's scala-library version: 3.3.7
2026.04.22 18:51:10 INFO  no build target found for C:\Users\Utilizador\Desktop\Projetos\Projeto\Konane.scala. Using presentation compiler with project's scala-library version: 3.3.7
2026.04.22 18:51:10 INFO  no build target found for C:\Users\Utilizador\Desktop\Projetos\Projeto\Konane.scala. Using presentation compiler with project's scala-library version: 3.3.7
2026.04.22 18:51:10 INFO  no build target found for C:\Users\Utilizador\Desktop\Projetos\Projeto\Konane.scala. Using presentation compiler with project's scala-library version: 3.3.7
2026.04.22 18:51:10 INFO  no build target found for C:\Users\Utilizador\Desktop\Projetos\Projeto\Konane.scala. Using presentation compiler with project's scala-library version: 3.3.7
2026.04.22 18:51:11 WARN  no build target for: C:\Users\Utilizador\Desktop\Projetos\Projeto\Konane.scala
2026.04.22 18:51:11 INFO  no build target found for C:\Users\Utilizador\Desktop\Projetos\Projeto\Konane.scala. Using presentation compiler with project's scala-library version: 3.3.7
2026.04.22 18:51:11 INFO  no build target found for C:\Users\Utilizador\Desktop\Projetos\Projeto\Konane.scala. Using presentation compiler with project's scala-library version: 3.3.7
2026.04.22 18:51:11 INFO  no build target found for C:\Users\Utilizador\Desktop\Projetos\Projeto\Konane.scala. Using presentation compiler with project's scala-library version: 3.3.7
2026.04.22 18:51:11 INFO  no build target found for C:\Users\Utilizador\Desktop\Projetos\Projeto\Konane.scala. Using presentation compiler with project's scala-library version: 3.3.7
2026.04.22 18:51:11 INFO  no build target found for C:\Users\Utilizador\Desktop\Projetos\Projeto\Konane.scala. Using presentation compiler with project's scala-library version: 3.3.7
2026.04.22 18:51:12 INFO  no build target found for C:\Users\Utilizador\Desktop\Projetos\Projeto\Konane.scala. Using presentation compiler with project's scala-library version: 3.3.7
2026.04.22 18:51:12 INFO  no build target found for C:\Users\Utilizador\Desktop\Projetos\Projeto\Konane.scala. Using presentation compiler with project's scala-library version: 3.3.7
2026.04.22 18:51:12 INFO  no build target found for C:\Users\Utilizador\Desktop\Projetos\Projeto\Konane.scala. Using presentation compiler with project's scala-library version: 3.3.7
2026.04.22 18:51:12 INFO  no build target found for C:\Users\Utilizador\Desktop\Projetos\Projeto\Konane.scala. Using presentation compiler with project's scala-library version: 3.3.7
2026.04.22 18:51:12 INFO  no build target found for C:\Users\Utilizador\Desktop\Projetos\Projeto\Konane.scala. Using presentation compiler with project's scala-library version: 3.3.7
abr. 22, 2026 6:51:12 DA TARDE org.eclipse.lsp4j.jsonrpc.RemoteEndpoint handleCancellation
WARNING: Unmatched cancel notification for request id 215
2026.04.22 18:51:12 INFO  no build target found for C:\Users\Utilizador\Desktop\Projetos\Projeto\Konane.scala. Using presentation compiler with project's scala-library version: 3.3.7
2026.04.22 18:51:12 INFO  no build target found for C:\Users\Utilizador\Desktop\Projetos\Projeto\Konane.scala. Using presentation compiler with project's scala-library version: 3.3.7
2026.04.22 18:51:12 INFO  no build target found for C:\Users\Utilizador\Desktop\Projetos\Projeto\Konane.scala. Using presentation compiler with project's scala-library version: 3.3.7
2026.04.22 18:51:13 INFO  no build target found for C:\Users\Utilizador\Desktop\Projetos\Projeto\Konane.scala. Using presentation compiler with project's scala-library version: 3.3.7
2026.04.22 18:51:13 INFO  no build target found for C:\Users\Utilizador\Desktop\Projetos\Projeto\Konane.scala. Using presentation compiler with project's scala-library version: 3.3.7
2026.04.22 18:51:14 WARN  no build target for: C:\Users\Utilizador\Desktop\Projetos\Projeto\Konane.scala
2026.04.22 18:51:15 INFO  no build target found for C:\Users\Utilizador\Desktop\Projetos\Projeto\Konane.scala. Using presentation compiler with project's scala-library version: 3.3.7
2026.04.22 18:51:16 INFO  no build target found for C:\Users\Utilizador\Desktop\Projetos\Projeto\MyRandom.scala. Using presentation compiler with project's scala-library version: 3.3.7
2026.04.22 18:51:16 INFO  no build target found for C:\Users\Utilizador\Desktop\Projetos\Projeto\RandomWithState.scala. Using presentation compiler with project's scala-library version: 3.3.7
2026.04.22 18:51:16 WARN  no build target for: C:\Users\Utilizador\Desktop\Projetos\Projeto\RandomWithState.scala
2026.04.22 18:51:16 INFO  no build target found for C:\Users\Utilizador\Desktop\Projetos\Projeto\RandomWithState.scala. Using presentation compiler with project's scala-library version: 3.3.7
2026.04.22 18:51:16 INFO  no build target found for C:\Users\Utilizador\Desktop\Projetos\Projeto\RandomWithState.scala. Using presentation compiler with project's scala-library version: 3.3.7
2026.04.22 18:51:16 INFO  no build target found for C:\Users\Utilizador\Desktop\Projetos\Projeto\RandomWithState.scala. Using presentation compiler with project's scala-library version: 3.3.7
2026.04.22 18:51:16 INFO  no build target found for C:\Users\Utilizador\Desktop\Projetos\Projeto\RandomWithState.scala. Using presentation compiler with project's scala-library version: 3.3.7
2026.04.22 18:51:19 INFO  no build target found for C:\Users\Utilizador\Desktop\Projetos\Projeto\Konane.scala. Using presentation compiler with project's scala-library version: 3.3.7
2026.04.22 18:51:19 WARN  no build target for: C:\Users\Utilizador\Desktop\Projetos\Projeto\Konane.scala
2026.04.22 18:51:19 INFO  no build target found for C:\Users\Utilizador\Desktop\Projetos\Projeto\Konane.scala. Using presentation compiler with project's scala-library version: 3.3.7
2026.04.22 18:51:19 INFO  no build target found for C:\Users\Utilizador\Desktop\Projetos\Projeto\Konane.scala. Using presentation compiler with project's scala-library version: 3.3.7
2026.04.22 18:51:19 INFO  no build target found for C:\Users\Utilizador\Desktop\Projetos\Projeto\Konane.scala. Using presentation compiler with project's scala-library version: 3.3.7
2026.04.22 18:51:19 INFO  no build target found for C:\Users\Utilizador\Desktop\Projetos\Projeto\Konane.scala. Using presentation compiler with project's scala-library version: 3.3.7
2026.04.22 18:52:37 INFO  no build target found for C:\Users\Utilizador\Desktop\Projetos\Projeto\Konane.scala. Using presentation compiler with project's scala-library version: 3.3.7
2026.04.22 18:53:32 INFO  no build target found for C:\Users\Utilizador\Desktop\Projetos\Projeto\Konane.scala. Using presentation compiler with project's scala-library version: 3.3.7
2026.04.22 18:53:34 INFO  no build target found for C:\Users\Utilizador\Desktop\Projetos\Projeto\Konane.scala. Using presentation compiler with project's scala-library version: 3.3.7
2026.04.22 18:53:34 INFO  no build target found for C:\Users\Utilizador\Desktop\Projetos\Projeto\Konane.scala. Using presentation compiler with project's scala-library version: 3.3.7
2026.04.22 18:53:34 INFO  no build target found for C:\Users\Utilizador\Desktop\Projetos\Projeto\Konane.scala. Using presentation compiler with project's scala-library version: 3.3.7
2026.04.22 18:53:35 INFO  no build target found for C:\Users\Utilizador\Desktop\Projetos\Projeto\Konane.scala. Using presentation compiler with project's scala-library version: 3.3.7
2026.04.22 18:53:49 INFO  no build target found for C:\Users\Utilizador\Desktop\Projetos\Projeto\Konane.scala. Using presentation compiler with project's scala-library version: 3.3.7
2026.04.22 18:53:49 INFO  no build target found for C:\Users\Utilizador\Desktop\Projetos\Projeto\Konane.scala. Using presentation compiler with project's scala-library version: 3.3.7
2026.04.22 18:53:49 INFO  no build target found for C:\Users\Utilizador\Desktop\Projetos\Projeto\Konane.scala. Using presentation compiler with project's scala-library version: 3.3.7
2026.04.22 18:53:49 INFO  no build target found for C:\Users\Utilizador\Desktop\Projetos\Projeto\Konane.scala. Using presentation compiler with project's scala-library version: 3.3.7
2026.04.22 18:53:50 INFO  no build target found for C:\Users\Utilizador\Desktop\Projetos\Projeto\Konane.scala. Using presentation compiler with project's scala-library version: 3.3.7
2026.04.22 18:53:50 INFO  no build target found for C:\Users\Utilizador\Desktop\Projetos\Projeto\Konane.scala. Using presentation compiler with project's scala-library version: 3.3.7
2026.04.22 18:53:50 INFO  no build target found for C:\Users\Utilizador\Desktop\Projetos\Projeto\Konane.scala. Using presentation compiler with project's scala-library version: 3.3.7
2026.04.22 18:53:50 INFO  no build target found for C:\Users\Utilizador\Desktop\Projetos\Projeto\Konane.scala. Using presentation compiler with project's scala-library version: 3.3.7
2026.04.22 18:53:52 INFO  no build target found for C:\Users\Utilizador\Desktop\Projetos\Projeto\Konane.scala. Using presentation compiler with project's scala-library version: 3.3.7
2026.04.22 18:53:52 INFO  no build target found for C:\Users\Utilizador\Desktop\Projetos\Projeto\Konane.scala. Using presentation compiler with project's scala-library version: 3.3.7
2026.04.22 18:53:53 INFO  no build target found for C:\Users\Utilizador\Desktop\Projetos\Projeto\Konane.scala. Using presentation compiler with project's scala-library version: 3.3.7
2026.04.22 18:53:56 INFO  no build target found for C:\Users\Utilizador\Desktop\Projetos\Projeto\Konane.scala. Using presentation compiler with project's scala-library version: 3.3.7
2026.04.22 18:54:18 INFO  no build target found for C:\Users\Utilizador\Desktop\Projetos\Projeto\Konane.scala. Using presentation compiler with project's scala-library version: 3.3.7
2026.04.22 18:54:18 INFO  no build target found for C:\Users\Utilizador\Desktop\Projetos\Projeto\Konane.scala. Using presentation compiler with project's scala-library version: 3.3.7
2026.04.22 18:54:18 INFO  no build target found for C:\Users\Utilizador\Desktop\Projetos\Projeto\Konane.scala. Using presentation compiler with project's scala-library version: 3.3.7
2026.04.22 18:54:18 INFO  no build target found for C:\Users\Utilizador\Desktop\Projetos\Projeto\Konane.scala. Using presentation compiler with project's scala-library version: 3.3.7
2026.04.22 18:54:20 INFO  no build target found for C:\Users\Utilizador\Desktop\Projetos\Projeto\Konane.scala. Using presentation compiler with project's scala-library version: 3.3.7
2026.04.22 18:54:20 INFO  no build target found for C:\Users\Utilizador\Desktop\Projetos\Projeto\Konane.scala. Using presentation compiler with project's scala-library version: 3.3.7
2026.04.22 18:54:20 INFO  no build target found for C:\Users\Utilizador\Desktop\Projetos\Projeto\Konane.scala. Using presentation compiler with project's scala-library version: 3.3.7
2026.04.22 18:54:20 INFO  no build target found for C:\Users\Utilizador\Desktop\Projetos\Projeto\Konane.scala. Using presentation compiler with project's scala-library version: 3.3.7
2026.04.22 18:54:20 INFO  no build target found for C:\Users\Utilizador\Desktop\Projetos\Projeto\Konane.scala. Using presentation compiler with project's scala-library version: 3.3.7
2026.04.22 18:54:20 INFO  no build target found for C:\Users\Utilizador\Desktop\Projetos\Projeto\Konane.scala. Using presentation compiler with project's scala-library version: 3.3.7
2026.04.22 18:54:20 WARN  no build target for: C:\Users\Utilizador\Desktop\Projetos\Projeto\Konane.scala
2026.04.22 18:54:21 INFO  no build target found for C:\Users\Utilizador\Desktop\Projetos\Projeto\Konane.scala. Using presentation compiler with project's scala-library version: 3.3.7
2026.04.22 18:54:21 INFO  no build target found for C:\Users\Utilizador\Desktop\Projetos\Projeto\Konane.scala. Using presentation compiler with project's scala-library version: 3.3.7
2026.04.22 18:54:21 INFO  no build target found for C:\Users\Utilizador\Desktop\Projetos\Projeto\Konane.scala. Using presentation compiler with project's scala-library version: 3.3.7
2026.04.22 18:54:21 INFO  no build target found for C:\Users\Utilizador\Desktop\Projetos\Projeto\Konane.scala. Using presentation compiler with project's scala-library version: 3.3.7
2026.04.22 18:54:22 INFO  no build target found for C:\Users\Utilizador\Desktop\Projetos\Projeto\Konane.scala. Using presentation compiler with project's scala-library version: 3.3.7
2026.04.22 18:54:21 INFO  no build target found for C:\Users\Utilizador\Desktop\Projetos\Projeto\Konane.scala. Using presentation compiler with project's scala-library version: 3.3.7
2026.04.22 18:54:22 INFO  no build target found for C:\Users\Utilizador\Desktop\Projetos\Projeto\Konane.scala. Using presentation compiler with project's scala-library version: 3.3.7
2026.04.22 18:54:22 WARN  no build target for: C:\Users\Utilizador\Desktop\Projetos\Projeto\Konane.scala
2026.04.22 18:54:22 INFO  no build target found for C:\Users\Utilizador\Desktop\Projetos\Projeto\Konane.scala. Using presentation compiler with project's scala-library version: 3.3.7
2026.04.22 18:56:02 INFO  no build target found for C:\Users\Utilizador\Desktop\Projetos\Projeto\Konane.scala. Using presentation compiler with project's scala-library version: 3.3.7
2026.04.22 18:56:11 INFO  no build target found for C:\Users\Utilizador\Desktop\Projetos\Projeto\Konane.scala. Using presentation compiler with project's scala-library version: 3.3.7
2026.04.22 18:56:11 INFO  no build target found for C:\Users\Utilizador\Desktop\Projetos\Projeto\Konane.scala. Using presentation compiler with project's scala-library version: 3.3.7
2026.04.22 18:56:11 INFO  no build target found for C:\Users\Utilizador\Desktop\Projetos\Projeto\Konane.scala. Using presentation compiler with project's scala-library version: 3.3.7
2026.04.22 18:56:11 INFO  no build target found for C:\Users\Utilizador\Desktop\Projetos\Projeto\Konane.scala. Using presentation compiler with project's scala-library version: 3.3.7
2026.04.22 18:56:11 INFO  no build target found for C:\Users\Utilizador\Desktop\Projetos\Projeto\Konane.scala. Using presentation compiler with project's scala-library version: 3.3.7
2026.04.22 18:56:11 INFO  no build target found for C:\Users\Utilizador\Desktop\Projetos\Projeto\Konane.scala. Using presentation compiler with project's scala-library version: 3.3.7
abr. 22, 2026 6:56:11 DA TARDE org.eclipse.lsp4j.jsonrpc.RemoteEndpoint handleCancellation
WARNING: Unmatched cancel notification for request id 420
2026.04.22 18:56:11 INFO  no build target found for C:\Users\Utilizador\Desktop\Projetos\Projeto\Konane.scala. Using presentation compiler with project's scala-library version: 3.3.7
2026.04.22 18:56:11 INFO  no build target found for C:\Users\Utilizador\Desktop\Projetos\Projeto\Konane.scala. Using presentation compiler with project's scala-library version: 3.3.7
2026.04.22 18:56:11 INFO  no build target found for C:\Users\Utilizador\Desktop\Projetos\Projeto\Konane.scala. Using presentation compiler with project's scala-library version: 3.3.7
2026.04.22 18:56:11 INFO  no build target found for C:\Users\Utilizador\Desktop\Projetos\Projeto\Konane.scala. Using presentation compiler with project's scala-library version: 3.3.7
2026.04.22 18:56:12 INFO  no build target found for C:\Users\Utilizador\Desktop\Projetos\Projeto\Konane.scala. Using presentation compiler with project's scala-library version: 3.3.7
2026.04.22 18:56:12 INFO  no build target found for C:\Users\Utilizador\Desktop\Projetos\Projeto\Konane.scala. Using presentation compiler with project's scala-library version: 3.3.7
2026.04.22 18:56:12 INFO  no build target found for C:\Users\Utilizador\Desktop\Projetos\Projeto\Konane.scala. Using presentation compiler with project's scala-library version: 3.3.7
2026.04.22 18:56:12 INFO  no build target found for C:\Users\Utilizador\Desktop\Projetos\Projeto\Konane.scala. Using presentation compiler with project's scala-library version: 3.3.7
2026.04.22 18:56:12 INFO  no build target found for C:\Users\Utilizador\Desktop\Projetos\Projeto\Konane.scala. Using presentation compiler with project's scala-library version: 3.3.7
2026.04.22 18:56:12 INFO  no build target found for C:\Users\Utilizador\Desktop\Projetos\Projeto\Konane.scala. Using presentation compiler with project's scala-library version: 3.3.7
2026.04.22 18:56:13 INFO  no build target found for C:\Users\Utilizador\Desktop\Projetos\Projeto\Konane.scala. Using presentation compiler with project's scala-library version: 3.3.7
2026.04.22 18:56:12 INFO  no build target found for C:\Users\Utilizador\Desktop\Projetos\Projeto\Konane.scala. Using presentation compiler with project's scala-library version: 3.3.7
2026.04.22 18:56:12 INFO  no build target found for C:\Users\Utilizador\Desktop\Projetos\Projeto\Konane.scala. Using presentation compiler with project's scala-library version: 3.3.7
2026.04.22 18:56:13 INFO  no build target found for C:\Users\Utilizador\Desktop\Projetos\Projeto\Konane.scala. Using presentation compiler with project's scala-library version: 3.3.7
2026.04.22 18:56:13 INFO  no build target found for C:\Users\Utilizador\Desktop\Projetos\Projeto\Konane.scala. Using presentation compiler with project's scala-library version: 3.3.7
2026.04.22 18:56:13 INFO  no build target found for C:\Users\Utilizador\Desktop\Projetos\Projeto\Konane.scala. Using presentation compiler with project's scala-library version: 3.3.7
2026.04.22 18:56:13 INFO  no build target found for C:\Users\Utilizador\Desktop\Projetos\Projeto\Konane.scala. Using presentation compiler with project's scala-library version: 3.3.7
2026.04.22 18:56:13 WARN  no build target for: C:\Users\Utilizador\Desktop\Projetos\Projeto\Konane.scala
2026.04.22 18:56:13 INFO  no build target found for C:\Users\Utilizador\Desktop\Projetos\Projeto\Konane.scala. Using presentation compiler with project's scala-library version: 3.3.7
2026.04.22 18:56:14 INFO  no build target found for C:\Users\Utilizador\Desktop\Projetos\Projeto\Konane.scala. Using presentation compiler with project's scala-library version: 3.3.7
2026.04.22 18:56:20 INFO  no build target found for C:\Users\Utilizador\Desktop\Projetos\Projeto\Konane.scala. Using presentation compiler with project's scala-library version: 3.3.7
2026.04.22 18:56:25 INFO  no build target found for C:\Users\Utilizador\Desktop\Projetos\Projeto\Konane.scala. Using presentation compiler with project's scala-library version: 3.3.7
2026.04.22 18:56:31 INFO  no build target found for C:\Users\Utilizador\Desktop\Projetos\Projeto\Konane.scala. Using presentation compiler with project's scala-library version: 3.3.7
2026.04.22 18:56:31 INFO  no build target found for C:\Users\Utilizador\Desktop\Projetos\Projeto\Konane.scala. Using presentation compiler with project's scala-library version: 3.3.7
2026.04.22 18:56:31 INFO  no build target found for C:\Users\Utilizador\Desktop\Projetos\Projeto\Konane.scala. Using presentation compiler with project's scala-library version: 3.3.7
2026.04.22 18:56:32 INFO  no build target found for C:\Users\Utilizador\Desktop\Projetos\Projeto\Konane.scala. Using presentation compiler with project's scala-library version: 3.3.7
2026.04.22 18:56:32 INFO  no build target found for C:\Users\Utilizador\Desktop\Projetos\Projeto\Konane.scala. Using presentation compiler with project's scala-library version: 3.3.7
2026.04.22 18:56:34 INFO  no build target found for C:\Users\Utilizador\Desktop\Projetos\Projeto\Konane.scala. Using presentation compiler with project's scala-library version: 3.3.7
2026.04.22 18:56:34 INFO  no build target found for C:\Users\Utilizador\Desktop\Projetos\Projeto\Konane.scala. Using presentation compiler with project's scala-library version: 3.3.7
2026.04.22 18:56:34 INFO  no build target found for C:\Users\Utilizador\Desktop\Projetos\Projeto\Konane.scala. Using presentation compiler with project's scala-library version: 3.3.7
2026.04.22 18:56:34 INFO  no build target found for C:\Users\Utilizador\Desktop\Projetos\Projeto\Konane.scala. Using presentation compiler with project's scala-library version: 3.3.7
2026.04.22 18:56:35 INFO  no build target found for C:\Users\Utilizador\Desktop\Projetos\Projeto\Konane.scala. Using presentation compiler with project's scala-library version: 3.3.7
2026.04.22 18:56:35 INFO  no build target found for C:\Users\Utilizador\Desktop\Projetos\Projeto\Konane.scala. Using presentation compiler with project's scala-library version: 3.3.7
2026.04.22 18:56:45 INFO  no build target found for C:\Users\Utilizador\Desktop\Projetos\Projeto\Konane.scala. Using presentation compiler with project's scala-library version: 3.3.7
2026.04.22 18:56:45 INFO  no build target found for C:\Users\Utilizador\Desktop\Projetos\Projeto\Konane.scala. Using presentation compiler with project's scala-library version: 3.3.7
2026.04.22 18:56:45 INFO  no build target found for C:\Users\Utilizador\Desktop\Projetos\Projeto\Konane.scala. Using presentation compiler with project's scala-library version: 3.3.7
2026.04.22 18:56:46 INFO  no build target found for C:\Users\Utilizador\Desktop\Projetos\Projeto\Konane.scala. Using presentation compiler with project's scala-library version: 3.3.7
2026.04.22 18:56:46 INFO  no build target found for C:\Users\Utilizador\Desktop\Projetos\Projeto\Konane.scala. Using presentation compiler with project's scala-library version: 3.3.7
2026.04.22 18:56:48 INFO  no build target found for C:\Users\Utilizador\Desktop\Projetos\Projeto\Konane.scala. Using presentation compiler with project's scala-library version: 3.3.7
2026.04.22 18:56:48 INFO  no build target found for C:\Users\Utilizador\Desktop\Projetos\Projeto\Konane.scala. Using presentation compiler with project's scala-library version: 3.3.7
2026.04.22 18:56:48 INFO  no build target found for C:\Users\Utilizador\Desktop\Projetos\Projeto\Konane.scala. Using presentation compiler with project's scala-library version: 3.3.7
2026.04.22 18:56:48 INFO  no build target found for C:\Users\Utilizador\Desktop\Projetos\Projeto\Konane.scala. Using presentation compiler with project's scala-library version: 3.3.7
2026.04.22 18:56:48 INFO  no build target found for C:\Users\Utilizador\Desktop\Projetos\Projeto\Konane.scala. Using presentation compiler with project's scala-library version: 3.3.7
2026.04.22 18:56:49 INFO  no build target found for C:\Users\Utilizador\Desktop\Projetos\Projeto\Konane.scala. Using presentation compiler with project's scala-library version: 3.3.7
2026.04.22 18:56:49 INFO  no build target found for C:\Users\Utilizador\Desktop\Projetos\Projeto\Konane.scala. Using presentation compiler with project's scala-library version: 3.3.7
2026.04.22 18:56:49 INFO  no build target found for C:\Users\Utilizador\Desktop\Projetos\Projeto\Konane.scala. Using presentation compiler with project's scala-library version: 3.3.7
2026.04.22 18:56:49 INFO  no build target found for C:\Users\Utilizador\Desktop\Projetos\Projeto\Konane.scala. Using presentation compiler with project's scala-library version: 3.3.7
2026.04.22 18:56:49 INFO  no build target found for C:\Users\Utilizador\Desktop\Projetos\Projeto\Konane.scala. Using presentation compiler with project's scala-library version: 3.3.7
2026.04.22 18:56:50 INFO  no build target found for C:\Users\Utilizador\Desktop\Projetos\Projeto\Konane.scala. Using presentation compiler with project's scala-library version: 3.3.7
2026.04.22 18:56:51 INFO  no build target found for C:\Users\Utilizador\Desktop\Projetos\Projeto\Konane.scala. Using presentation compiler with project's scala-library version: 3.3.7
2026.04.22 18:56:52 INFO  no build target found for C:\Users\Utilizador\Desktop\Projetos\Projeto\Konane.scala. Using presentation compiler with project's scala-library version: 3.3.7
2026.04.22 18:56:52 INFO  no build target found for C:\Users\Utilizador\Desktop\Projetos\Projeto\Konane.scala. Using presentation compiler with project's scala-library version: 3.3.7
2026.04.22 18:56:52 INFO  no build target found for C:\Users\Utilizador\Desktop\Projetos\Projeto\Konane.scala. Using presentation compiler with project's scala-library version: 3.3.7
2026.04.22 18:56:52 INFO  no build target found for C:\Users\Utilizador\Desktop\Projetos\Projeto\Konane.scala. Using presentation compiler with project's scala-library version: 3.3.7
2026.04.22 18:56:55 INFO  no build target found for C:\Users\Utilizador\Desktop\Projetos\Projeto\Konane.scala. Using presentation compiler with project's scala-library version: 3.3.7
2026.04.22 18:56:55 INFO  no build target found for C:\Users\Utilizador\Desktop\Projetos\Projeto\Konane.scala. Using presentation compiler with project's scala-library version: 3.3.7
2026.04.22 18:56:57 INFO  no build target found for C:\Users\Utilizador\Desktop\Projetos\Projeto\Konane.scala. Using presentation compiler with project's scala-library version: 3.3.7
2026.04.22 18:56:57 INFO  no build target found for C:\Users\Utilizador\Desktop\Projetos\Projeto\Konane.scala. Using presentation compiler with project's scala-library version: 3.3.7
2026.04.22 18:56:58 INFO  no build target found for C:\Users\Utilizador\Desktop\Projetos\Projeto\Konane.scala. Using presentation compiler with project's scala-library version: 3.3.7
2026.04.22 18:56:58 INFO  no build target found for C:\Users\Utilizador\Desktop\Projetos\Projeto\Konane.scala. Using presentation compiler with project's scala-library version: 3.3.7
2026.04.22 18:56:58 INFO  no build target found for C:\Users\Utilizador\Desktop\Projetos\Projeto\Konane.scala. Using presentation compiler with project's scala-library version: 3.3.7
2026.04.22 18:57:01 INFO  no build target found for C:\Users\Utilizador\Desktop\Projetos\Projeto\Konane.scala. Using presentation compiler with project's scala-library version: 3.3.7
2026.04.22 18:57:02 INFO  no build target found for C:\Users\Utilizador\Desktop\Projetos\Projeto\Konane.scala. Using presentation compiler with project's scala-library version: 3.3.7
2026.04.22 18:57:02 INFO  no build target found for C:\Users\Utilizador\Desktop\Projetos\Projeto\Konane.scala. Using presentation compiler with project's scala-library version: 3.3.7
2026.04.22 18:57:02 INFO  no build target found for C:\Users\Utilizador\Desktop\Projetos\Projeto\Konane.scala. Using presentation compiler with project's scala-library version: 3.3.7
2026.04.22 18:57:03 INFO  no build target found for C:\Users\Utilizador\Desktop\Projetos\Projeto\Konane.scala. Using presentation compiler with project's scala-library version: 3.3.7
2026.04.22 18:57:03 INFO  no build target found for C:\Users\Utilizador\Desktop\Projetos\Projeto\Konane.scala. Using presentation compiler with project's scala-library version: 3.3.7
2026.04.22 18:57:05 INFO  no build target found for C:\Users\Utilizador\Desktop\Projetos\Projeto\Konane.scala. Using presentation compiler with project's scala-library version: 3.3.7
2026.04.22 18:57:05 INFO  no build target found for C:\Users\Utilizador\Desktop\Projetos\Projeto\Konane.scala. Using presentation compiler with project's scala-library version: 3.3.7
2026.04.22 18:57:08 INFO  no build target found for C:\Users\Utilizador\Desktop\Projetos\Projeto\Konane.scala. Using presentation compiler with project's scala-library version: 3.3.7
2026.04.22 18:57:08 INFO  no build target found for C:\Users\Utilizador\Desktop\Projetos\Projeto\Konane.scala. Using presentation compiler with project's scala-library version: 3.3.7
2026.04.22 18:57:09 INFO  no build target found for C:\Users\Utilizador\Desktop\Projetos\Projeto\Konane.scala. Using presentation compiler with project's scala-library version: 3.3.7
2026.04.22 18:57:09 INFO  no build target found for C:\Users\Utilizador\Desktop\Projetos\Projeto\Konane.scala. Using presentation compiler with project's scala-library version: 3.3.7
2026.04.22 18:57:09 INFO  no build target found for C:\Users\Utilizador\Desktop\Projetos\Projeto\Konane.scala. Using presentation compiler with project's scala-library version: 3.3.7
2026.04.22 18:57:09 INFO  no build target found for C:\Users\Utilizador\Desktop\Projetos\Projeto\Konane.scala. Using presentation compiler with project's scala-library version: 3.3.7
2026.04.22 18:57:17 INFO  no build target found for C:\Users\Utilizador\Desktop\Projetos\Projeto\Konane.scala. Using presentation compiler with project's scala-library version: 3.3.7
2026.04.22 18:57:20 INFO  no build target found for C:\Users\Utilizador\Desktop\Projetos\Projeto\Konane.scala. Using presentation compiler with project's scala-library version: 3.3.7
2026.04.22 18:57:22 INFO  no build target found for C:\Users\Utilizador\Desktop\Projetos\Projeto\Konane.scala. Using presentation compiler with project's scala-library version: 3.3.7
2026.04.22 18:57:24 INFO  no build target found for C:\Users\Utilizador\Desktop\Projetos\Projeto\Konane.scala. Using presentation compiler with project's scala-library version: 3.3.7
2026.04.22 18:57:29 INFO  no build target found for C:\Users\Utilizador\Desktop\Projetos\Projeto\Konane.scala. Using presentation compiler with project's scala-library version: 3.3.7
2026.04.22 18:57:29 INFO  no build target found for C:\Users\Utilizador\Desktop\Projetos\Projeto\Konane.scala. Using presentation compiler with project's scala-library version: 3.3.7
2026.04.22 18:57:29 INFO  no build target found for C:\Users\Utilizador\Desktop\Projetos\Projeto\Konane.scala. Using presentation compiler with project's scala-library version: 3.3.7
2026.04.22 18:57:29 INFO  no build target found for C:\Users\Utilizador\Desktop\Projetos\Projeto\Konane.scala. Using presentation compiler with project's scala-library version: 3.3.7
2026.04.22 18:57:29 INFO  no build target found for C:\Users\Utilizador\Desktop\Projetos\Projeto\Konane.scala. Using presentation compiler with project's scala-library version: 3.3.7
2026.04.22 18:57:30 INFO  no build target found for C:\Users\Utilizador\Desktop\Projetos\Projeto\Konane.scala. Using presentation compiler with project's scala-library version: 3.3.7
2026.04.22 18:57:30 INFO  no build target found for C:\Users\Utilizador\Desktop\Projetos\Projeto\Konane.scala. Using presentation compiler with project's scala-library version: 3.3.7
2026.04.22 18:57:30 INFO  no build target found for C:\Users\Utilizador\Desktop\Projetos\Projeto\Konane.scala. Using presentation compiler with project's scala-library version: 3.3.7
2026.04.22 18:57:31 INFO  no build target found for C:\Users\Utilizador\Desktop\Projetos\Projeto\Konane.scala. Using presentation compiler with project's scala-library version: 3.3.7
2026.04.22 18:57:31 INFO  no build target found for C:\Users\Utilizador\Desktop\Projetos\Projeto\Konane.scala. Using presentation compiler with project's scala-library version: 3.3.7
2026.04.22 18:57:31 INFO  no build target found for C:\Users\Utilizador\Desktop\Projetos\Projeto\Konane.scala. Using presentation compiler with project's scala-library version: 3.3.7
2026.04.22 18:57:32 INFO  no build target found for C:\Users\Utilizador\Desktop\Projetos\Projeto\Konane.scala. Using presentation compiler with project's scala-library version: 3.3.7
2026.04.22 18:57:32 INFO  no build target found for C:\Users\Utilizador\Desktop\Projetos\Projeto\Konane.scala. Using presentation compiler with project's scala-library version: 3.3.7
2026.04.22 18:57:32 INFO  no build target found for C:\Users\Utilizador\Desktop\Projetos\Projeto\Konane.scala. Using presentation compiler with project's scala-library version: 3.3.7
2026.04.22 18:57:32 INFO  no build target found for C:\Users\Utilizador\Desktop\Projetos\Projeto\Konane.scala. Using presentation compiler with project's scala-library version: 3.3.7
2026.04.22 18:57:34 INFO  no build target found for C:\Users\Utilizador\Desktop\Projetos\Projeto\Konane.scala. Using presentation compiler with project's scala-library version: 3.3.7
2026.04.22 18:57:34 INFO  no build target found for C:\Users\Utilizador\Desktop\Projetos\Projeto\Konane.scala. Using presentation compiler with project's scala-library version: 3.3.7
2026.04.22 18:57:43 INFO  no build target found for C:\Users\Utilizador\Desktop\Projetos\Projeto\Konane.scala. Using presentation compiler with project's scala-library version: 3.3.7
2026.04.22 18:57:50 INFO  no build target found for C:\Users\Utilizador\Desktop\Projetos\Projeto\Konane.scala. Using presentation compiler with project's scala-library version: 3.3.7
2026.04.22 18:57:51 INFO  no build target found for C:\Users\Utilizador\Desktop\Projetos\Projeto\Konane.scala. Using presentation compiler with project's scala-library version: 3.3.7
2026.04.22 18:57:51 INFO  no build target found for C:\Users\Utilizador\Desktop\Projetos\Projeto\Konane.scala. Using presentation compiler with project's scala-library version: 3.3.7
2026.04.22 18:57:50 INFO  no build target found for C:\Users\Utilizador\Desktop\Projetos\Projeto\Konane.scala. Using presentation compiler with project's scala-library version: 3.3.7
2026.04.22 18:57:51 INFO  no build target found for C:\Users\Utilizador\Desktop\Projetos\Projeto\Konane.scala. Using presentation compiler with project's scala-library version: 3.3.7
2026.04.22 18:57:51 INFO  no build target found for C:\Users\Utilizador\Desktop\Projetos\Projeto\Konane.scala. Using presentation compiler with project's scala-library version: 3.3.7
2026.04.22 18:57:52 INFO  no build target found for C:\Users\Utilizador\Desktop\Projetos\Projeto\Konane.scala. Using presentation compiler with project's scala-library version: 3.3.7
2026.04.22 18:57:52 INFO  no build target found for C:\Users\Utilizador\Desktop\Projetos\Projeto\Konane.scala. Using presentation compiler with project's scala-library version: 3.3.7
2026.04.22 18:57:52 INFO  no build target found for C:\Users\Utilizador\Desktop\Projetos\Projeto\Konane.scala. Using presentation compiler with project's scala-library version: 3.3.7
2026.04.22 18:57:52 INFO  no build target found for C:\Users\Utilizador\Desktop\Projetos\Projeto\Konane.scala. Using presentation compiler with project's scala-library version: 3.3.7
2026.04.22 18:57:53 INFO  no build target found for C:\Users\Utilizador\Desktop\Projetos\Projeto\Konane.scala. Using presentation compiler with project's scala-library version: 3.3.7
2026.04.22 18:57:53 INFO  no build target found for C:\Users\Utilizador\Desktop\Projetos\Projeto\Konane.scala. Using presentation compiler with project's scala-library version: 3.3.7
2026.04.22 18:57:53 INFO  no build target found for C:\Users\Utilizador\Desktop\Projetos\Projeto\Konane.scala. Using presentation compiler with project's scala-library version: 3.3.7
2026.04.22 18:57:53 INFO  no build target found for C:\Users\Utilizador\Desktop\Projetos\Projeto\Konane.scala. Using presentation compiler with project's scala-library version: 3.3.7
2026.04.22 18:57:53 INFO  no build target found for C:\Users\Utilizador\Desktop\Projetos\Projeto\Konane.scala. Using presentation compiler with project's scala-library version: 3.3.7
2026.04.22 18:57:53 INFO  no build target found for C:\Users\Utilizador\Desktop\Projetos\Projeto\Konane.scala. Using presentation compiler with project's scala-library version: 3.3.7
2026.04.22 18:57:53 WARN  no build target for: C:\Users\Utilizador\Desktop\Projetos\Projeto\Konane.scala
2026.04.22 18:57:54 INFO  no build target found for C:\Users\Utilizador\Desktop\Projetos\Projeto\Konane.scala. Using presentation compiler with project's scala-library version: 3.3.7
2026.04.22 18:57:59 INFO  no build target found for C:\Users\Utilizador\Desktop\Projetos\Projeto\Konane.scala. Using presentation compiler with project's scala-library version: 3.3.7
2026.04.22 18:57:59 INFO  no build target found for C:\Users\Utilizador\Desktop\Projetos\Projeto\Konane.scala. Using presentation compiler with project's scala-library version: 3.3.7
2026.04.22 18:57:59 INFO  no build target found for C:\Users\Utilizador\Desktop\Projetos\Projeto\Konane.scala. Using presentation compiler with project's scala-library version: 3.3.7
2026.04.22 18:58:01 INFO  no build target found for C:\Users\Utilizador\Desktop\Projetos\Projeto\Konane.scala. Using presentation compiler with project's scala-library version: 3.3.7
2026.04.22 18:58:01 INFO  no build target found for C:\Users\Utilizador\Desktop\Projetos\Projeto\Konane.scala. Using presentation compiler with project's scala-library version: 3.3.7
2026.04.22 18:58:02 INFO  no build target found for C:\Users\Utilizador\Desktop\Projetos\Projeto\Konane.scala. Using presentation compiler with project's scala-library version: 3.3.7
2026.04.22 18:58:02 INFO  no build target found for C:\Users\Utilizador\Desktop\Projetos\Projeto\Konane.scala. Using presentation compiler with project's scala-library version: 3.3.7
2026.04.22 18:58:02 INFO  no build target found for C:\Users\Utilizador\Desktop\Projetos\Projeto\Konane.scala. Using presentation compiler with project's scala-library version: 3.3.7
2026.04.22 18:58:02 INFO  no build target found for C:\Users\Utilizador\Desktop\Projetos\Projeto\Konane.scala. Using presentation compiler with project's scala-library version: 3.3.7
2026.04.22 18:58:03 INFO  no build target found for C:\Users\Utilizador\Desktop\Projetos\Projeto\Konane.scala. Using presentation compiler with project's scala-library version: 3.3.7
2026.04.22 18:58:03 INFO  no build target found for C:\Users\Utilizador\Desktop\Projetos\Projeto\Konane.scala. Using presentation compiler with project's scala-library version: 3.3.7
2026.04.22 18:58:03 INFO  no build target found for C:\Users\Utilizador\Desktop\Projetos\Projeto\Konane.scala. Using presentation compiler with project's scala-library version: 3.3.7
2026.04.22 18:58:03 INFO  no build target found for C:\Users\Utilizador\Desktop\Projetos\Projeto\Konane.scala. Using presentation compiler with project's scala-library version: 3.3.7
2026.04.22 18:58:03 INFO  no build target found for C:\Users\Utilizador\Desktop\Projetos\Projeto\Konane.scala. Using presentation compiler with project's scala-library version: 3.3.7
2026.04.22 18:58:05 INFO  no build target found for C:\Users\Utilizador\Desktop\Projetos\Projeto\Konane.scala. Using presentation compiler with project's scala-library version: 3.3.7
2026.04.22 18:58:05 INFO  no build target found for C:\Users\Utilizador\Desktop\Projetos\Projeto\Konane.scala. Using presentation compiler with project's scala-library version: 3.3.7
2026.04.22 18:58:06 INFO  no build target found for C:\Users\Utilizador\Desktop\Projetos\Projeto\Konane.scala. Using presentation compiler with project's scala-library version: 3.3.7
2026.04.22 18:58:07 INFO  no build target found for C:\Users\Utilizador\Desktop\Projetos\Projeto\Konane.scala. Using presentation compiler with project's scala-library version: 3.3.7
2026.04.22 18:58:07 INFO  no build target found for C:\Users\Utilizador\Desktop\Projetos\Projeto\Konane.scala. Using presentation compiler with project's scala-library version: 3.3.7
2026.04.22 18:58:07 INFO  no build target found for C:\Users\Utilizador\Desktop\Projetos\Projeto\Konane.scala. Using presentation compiler with project's scala-library version: 3.3.7
2026.04.22 18:58:13 INFO  no build target found for C:\Users\Utilizador\Desktop\Projetos\Projeto\Konane.scala. Using presentation compiler with project's scala-library version: 3.3.7
2026.04.22 18:58:13 INFO  no build target found for C:\Users\Utilizador\Desktop\Projetos\Projeto\Konane.scala. Using presentation compiler with project's scala-library version: 3.3.7
2026.04.22 18:58:13 INFO  no build target found for C:\Users\Utilizador\Desktop\Projetos\Projeto\Konane.scala. Using presentation compiler with project's scala-library version: 3.3.7
2026.04.22 18:58:16 INFO  no build target found for C:\Users\Utilizador\Desktop\Projetos\Projeto\Konane.scala. Using presentation compiler with project's scala-library version: 3.3.7
2026.04.22 18:58:16 INFO  no build target found for C:\Users\Utilizador\Desktop\Projetos\Projeto\Konane.scala. Using presentation compiler with project's scala-library version: 3.3.7
2026.04.22 18:58:17 INFO  no build target found for C:\Users\Utilizador\Desktop\Projetos\Projeto\Konane.scala. Using presentation compiler with project's scala-library version: 3.3.7
2026.04.22 18:58:18 INFO  no build target found for C:\Users\Utilizador\Desktop\Projetos\Projeto\Konane.scala. Using presentation compiler with project's scala-library version: 3.3.7
2026.04.22 18:58:18 INFO  no build target found for C:\Users\Utilizador\Desktop\Projetos\Projeto\Konane.scala. Using presentation compiler with project's scala-library version: 3.3.7
2026.04.22 18:58:18 INFO  no build target found for C:\Users\Utilizador\Desktop\Projetos\Projeto\Konane.scala. Using presentation compiler with project's scala-library version: 3.3.7
2026.04.22 18:58:19 INFO  no build target found for C:\Users\Utilizador\Desktop\Projetos\Projeto\Konane.scala. Using presentation compiler with project's scala-library version: 3.3.7
2026.04.22 18:58:19 INFO  no build target found for C:\Users\Utilizador\Desktop\Projetos\Projeto\Konane.scala. Using presentation compiler with project's scala-library version: 3.3.7
2026.04.22 18:58:21 INFO  no build target found for C:\Users\Utilizador\Desktop\Projetos\Projeto\Konane.scala. Using presentation compiler with project's scala-library version: 3.3.7
2026.04.22 18:58:21 INFO  no build target found for C:\Users\Utilizador\Desktop\Projetos\Projeto\Konane.scala. Using presentation compiler with project's scala-library version: 3.3.7
2026.04.22 18:58:21 INFO  no build target found for C:\Users\Utilizador\Desktop\Projetos\Projeto\Konane.scala. Using presentation compiler with project's scala-library version: 3.3.7
2026.04.22 18:58:22 INFO  no build target found for C:\Users\Utilizador\Desktop\Projetos\Projeto\Konane.scala. Using presentation compiler with project's scala-library version: 3.3.7
2026.04.22 18:58:22 INFO  no build target found for C:\Users\Utilizador\Desktop\Projetos\Projeto\Konane.scala. Using presentation compiler with project's scala-library version: 3.3.7
2026.04.22 18:58:24 INFO  no build target found for C:\Users\Utilizador\Desktop\Projetos\Projeto\Konane.scala. Using presentation compiler with project's scala-library version: 3.3.7
2026.04.22 18:58:24 INFO  no build target found for C:\Users\Utilizador\Desktop\Projetos\Projeto\Konane.scala. Using presentation compiler with project's scala-library version: 3.3.7
2026.04.22 18:58:24 INFO  no build target found for C:\Users\Utilizador\Desktop\Projetos\Projeto\Konane.scala. Using presentation compiler with project's scala-library version: 3.3.7
2026.04.22 18:58:24 INFO  no build target found for C:\Users\Utilizador\Desktop\Projetos\Projeto\Konane.scala. Using presentation compiler with project's scala-library version: 3.3.7
2026.04.22 18:58:24 INFO  no build target found for C:\Users\Utilizador\Desktop\Projetos\Projeto\Konane.scala. Using presentation compiler with project's scala-library version: 3.3.7
2026.04.22 18:58:26 INFO  no build target found for C:\Users\Utilizador\Desktop\Projetos\Projeto\Konane.scala. Using presentation compiler with project's scala-library version: 3.3.7
2026.04.22 18:58:26 INFO  no build target found for C:\Users\Utilizador\Desktop\Projetos\Projeto\Konane.scala. Using presentation compiler with project's scala-library version: 3.3.7
2026.04.22 18:58:27 INFO  no build target found for C:\Users\Utilizador\Desktop\Projetos\Projeto\Konane.scala. Using presentation compiler with project's scala-library version: 3.3.7
2026.04.22 18:58:27 INFO  no build target found for C:\Users\Utilizador\Desktop\Projetos\Projeto\Konane.scala. Using presentation compiler with project's scala-library version: 3.3.7
2026.04.22 18:58:27 INFO  no build target found for C:\Users\Utilizador\Desktop\Projetos\Projeto\Konane.scala. Using presentation compiler with project's scala-library version: 3.3.7
2026.04.22 18:58:27 INFO  no build target found for C:\Users\Utilizador\Desktop\Projetos\Projeto\Konane.scala. Using presentation compiler with project's scala-library version: 3.3.7
2026.04.22 18:58:28 INFO  no build target found for C:\Users\Utilizador\Desktop\Projetos\Projeto\Konane.scala. Using presentation compiler with project's scala-library version: 3.3.7
2026.04.22 18:58:28 INFO  no build target found for C:\Users\Utilizador\Desktop\Projetos\Projeto\Konane.scala. Using presentation compiler with project's scala-library version: 3.3.7
2026.04.22 18:58:28 INFO  no build target found for C:\Users\Utilizador\Desktop\Projetos\Projeto\Konane.scala. Using presentation compiler with project's scala-library version: 3.3.7
2026.04.22 18:58:32 INFO  no build target found for C:\Users\Utilizador\Desktop\Projetos\Projeto\Konane.scala. Using presentation compiler with project's scala-library version: 3.3.7
2026.04.22 18:58:32 INFO  no build target found for C:\Users\Utilizador\Desktop\Projetos\Projeto\Konane.scala. Using presentation compiler with project's scala-library version: 3.3.7
2026.04.22 18:58:33 INFO  no build target found for C:\Users\Utilizador\Desktop\Projetos\Projeto\Konane.scala. Using presentation compiler with project's scala-library version: 3.3.7
2026.04.22 18:58:35 INFO  no build target found for C:\Users\Utilizador\Desktop\Projetos\Projeto\Konane.scala. Using presentation compiler with project's scala-library version: 3.3.7
2026.04.22 18:58:35 INFO  no build target found for C:\Users\Utilizador\Desktop\Projetos\Projeto\Konane.scala. Using presentation compiler with project's scala-library version: 3.3.7
2026.04.22 18:58:35 INFO  no build target found for C:\Users\Utilizador\Desktop\Projetos\Projeto\Konane.scala. Using presentation compiler with project's scala-library version: 3.3.7
2026.04.22 18:58:36 INFO  no build target found for C:\Users\Utilizador\Desktop\Projetos\Projeto\Konane.scala. Using presentation compiler with project's scala-library version: 3.3.7
2026.04.22 18:58:36 INFO  no build target found for C:\Users\Utilizador\Desktop\Projetos\Projeto\Konane.scala. Using presentation compiler with project's scala-library version: 3.3.7
2026.04.22 18:58:36 INFO  no build target found for C:\Users\Utilizador\Desktop\Projetos\Projeto\Konane.scala. Using presentation compiler with project's scala-library version: 3.3.7
2026.04.22 18:58:36 INFO  no build target found for C:\Users\Utilizador\Desktop\Projetos\Projeto\Konane.scala. Using presentation compiler with project's scala-library version: 3.3.7
2026.04.22 18:58:36 INFO  no build target found for C:\Users\Utilizador\Desktop\Projetos\Projeto\Konane.scala. Using presentation compiler with project's scala-library version: 3.3.7
2026.04.22 18:58:36 INFO  no build target found for C:\Users\Utilizador\Desktop\Projetos\Projeto\Konane.scala. Using presentation compiler with project's scala-library version: 3.3.7
2026.04.22 18:58:37 INFO  no build target found for C:\Users\Utilizador\Desktop\Projetos\Projeto\Konane.scala. Using presentation compiler with project's scala-library version: 3.3.7
2026.04.22 18:58:37 INFO  no build target found for C:\Users\Utilizador\Desktop\Projetos\Projeto\Konane.scala. Using presentation compiler with project's scala-library version: 3.3.7
2026.04.22 18:58:37 INFO  no build target found for C:\Users\Utilizador\Desktop\Projetos\Projeto\Konane.scala. Using presentation compiler with project's scala-library version: 3.3.7
2026.04.22 18:58:37 INFO  no build target found for C:\Users\Utilizador\Desktop\Projetos\Projeto\Konane.scala. Using presentation compiler with project's scala-library version: 3.3.7
2026.04.22 18:58:37 INFO  no build target found for C:\Users\Utilizador\Desktop\Projetos\Projeto\Konane.scala. Using presentation compiler with project's scala-library version: 3.3.7
2026.04.22 18:58:39 INFO  no build target found for C:\Users\Utilizador\Desktop\Projetos\Projeto\Konane.scala. Using presentation compiler with project's scala-library version: 3.3.7
2026.04.22 18:58:42 INFO  no build target found for C:\Users\Utilizador\Desktop\Projetos\Projeto\Konane.scala. Using presentation compiler with project's scala-library version: 3.3.7
2026.04.22 18:58:42 INFO  no build target found for C:\Users\Utilizador\Desktop\Projetos\Projeto\Konane.scala. Using presentation compiler with project's scala-library version: 3.3.7
2026.04.22 18:58:44 INFO  no build target found for C:\Users\Utilizador\Desktop\Projetos\Projeto\Konane.scala. Using presentation compiler with project's scala-library version: 3.3.7
2026.04.22 18:58:44 INFO  no build target found for C:\Users\Utilizador\Desktop\Projetos\Projeto\Konane.scala. Using presentation compiler with project's scala-library version: 3.3.7
2026.04.22 18:58:44 INFO  no build target found for C:\Users\Utilizador\Desktop\Projetos\Projeto\Konane.scala. Using presentation compiler with project's scala-library version: 3.3.7
2026.04.22 18:58:45 INFO  no build target found for C:\Users\Utilizador\Desktop\Projetos\Projeto\Konane.scala. Using presentation compiler with project's scala-library version: 3.3.7
2026.04.22 18:58:45 INFO  no build target found for C:\Users\Utilizador\Desktop\Projetos\Projeto\Konane.scala. Using presentation compiler with project's scala-library version: 3.3.7
2026.04.22 18:58:45 INFO  no build target found for C:\Users\Utilizador\Desktop\Projetos\Projeto\Konane.scala. Using presentation compiler with project's scala-library version: 3.3.7
2026.04.22 18:58:45 INFO  no build target found for C:\Users\Utilizador\Desktop\Projetos\Projeto\Konane.scala. Using presentation compiler with project's scala-library version: 3.3.7
2026.04.22 18:58:45 INFO  no build target found for C:\Users\Utilizador\Desktop\Projetos\Projeto\Konane.scala. Using presentation compiler with project's scala-library version: 3.3.7
2026.04.22 18:58:45 INFO  no build target found for C:\Users\Utilizador\Desktop\Projetos\Projeto\Konane.scala. Using presentation compiler with project's scala-library version: 3.3.7
2026.04.22 18:58:47 INFO  no build target found for C:\Users\Utilizador\Desktop\Projetos\Projeto\Konane.scala. Using presentation compiler with project's scala-library version: 3.3.7
2026.04.22 18:58:47 INFO  no build target found for C:\Users\Utilizador\Desktop\Projetos\Projeto\Konane.scala. Using presentation compiler with project's scala-library version: 3.3.7
2026.04.22 18:58:47 INFO  no build target found for C:\Users\Utilizador\Desktop\Projetos\Projeto\Konane.scala. Using presentation compiler with project's scala-library version: 3.3.7
2026.04.22 18:58:47 INFO  no build target found for C:\Users\Utilizador\Desktop\Projetos\Projeto\Konane.scala. Using presentation compiler with project's scala-library version: 3.3.7
2026.04.22 18:58:47 INFO  no build target found for C:\Users\Utilizador\Desktop\Projetos\Projeto\Konane.scala. Using presentation compiler with project's scala-library version: 3.3.7
2026.04.22 18:58:47 INFO  no build target found for C:\Users\Utilizador\Desktop\Projetos\Projeto\Konane.scala. Using presentation compiler with project's scala-library version: 3.3.7
2026.04.22 18:58:48 INFO  no build target found for C:\Users\Utilizador\Desktop\Projetos\Projeto\Konane.scala. Using presentation compiler with project's scala-library version: 3.3.7
2026.04.22 18:58:48 INFO  no build target found for C:\Users\Utilizador\Desktop\Projetos\Projeto\Konane.scala. Using presentation compiler with project's scala-library version: 3.3.7
2026.04.22 18:58:48 INFO  no build target found for C:\Users\Utilizador\Desktop\Projetos\Projeto\Konane.scala. Using presentation compiler with project's scala-library version: 3.3.7
2026.04.22 18:58:48 INFO  no build target found for C:\Users\Utilizador\Desktop\Projetos\Projeto\Konane.scala. Using presentation compiler with project's scala-library version: 3.3.7
2026.04.22 18:58:48 INFO  no build target found for C:\Users\Utilizador\Desktop\Projetos\Projeto\Konane.scala. Using presentation compiler with project's scala-library version: 3.3.7
2026.04.22 18:58:49 INFO  no build target found for C:\Users\Utilizador\Desktop\Projetos\Projeto\Konane.scala. Using presentation compiler with project's scala-library version: 3.3.7
2026.04.22 18:58:49 INFO  no build target found for C:\Users\Utilizador\Desktop\Projetos\Projeto\Konane.scala. Using presentation compiler with project's scala-library version: 3.3.7
2026.04.22 18:58:49 INFO  no build target found for C:\Users\Utilizador\Desktop\Projetos\Projeto\Konane.scala. Using presentation compiler with project's scala-library version: 3.3.7
2026.04.22 18:58:50 INFO  no build target found for C:\Users\Utilizador\Desktop\Projetos\Projeto\Konane.scala. Using presentation compiler with project's scala-library version: 3.3.7
2026.04.22 18:58:52 INFO  no build target found for C:\Users\Utilizador\Desktop\Projetos\Projeto\Konane.scala. Using presentation compiler with project's scala-library version: 3.3.7
2026.04.22 18:58:54 INFO  no build target found for C:\Users\Utilizador\Desktop\Projetos\Projeto\Konane.scala. Using presentation compiler with project's scala-library version: 3.3.7
2026.04.22 18:58:56 INFO  no build target found for C:\Users\Utilizador\Desktop\Projetos\Projeto\Konane.scala. Using presentation compiler with project's scala-library version: 3.3.7
2026.04.22 18:58:58 INFO  no build target found for C:\Users\Utilizador\Desktop\Projetos\Projeto\Konane.scala. Using presentation compiler with project's scala-library version: 3.3.7
2026.04.22 18:58:58 INFO  no build target found for C:\Users\Utilizador\Desktop\Projetos\Projeto\Konane.scala. Using presentation compiler with project's scala-library version: 3.3.7
2026.04.22 18:58:58 INFO  no build target found for C:\Users\Utilizador\Desktop\Projetos\Projeto\Konane.scala. Using presentation compiler with project's scala-library version: 3.3.7
2026.04.22 18:58:58 INFO  no build target found for C:\Users\Utilizador\Desktop\Projetos\Projeto\Konane.scala. Using presentation compiler with project's scala-library version: 3.3.7
2026.04.22 18:58:58 INFO  no build target found for C:\Users\Utilizador\Desktop\Projetos\Projeto\Konane.scala. Using presentation compiler with project's scala-library version: 3.3.7
2026.04.22 18:59:00 INFO  no build target found for C:\Users\Utilizador\Desktop\Projetos\Projeto\Konane.scala. Using presentation compiler with project's scala-library version: 3.3.7
2026.04.22 18:59:00 INFO  no build target found for C:\Users\Utilizador\Desktop\Projetos\Projeto\Konane.scala. Using presentation compiler with project's scala-library version: 3.3.7
2026.04.22 18:59:00 INFO  no build target found for C:\Users\Utilizador\Desktop\Projetos\Projeto\Konane.scala. Using presentation compiler with project's scala-library version: 3.3.7
2026.04.22 18:59:00 INFO  no build target found for C:\Users\Utilizador\Desktop\Projetos\Projeto\Konane.scala. Using presentation compiler with project's scala-library version: 3.3.7
2026.04.22 18:59:01 INFO  no build target found for C:\Users\Utilizador\Desktop\Projetos\Projeto\Konane.scala. Using presentation compiler with project's scala-library version: 3.3.7
2026.04.22 18:59:01 INFO  no build target found for C:\Users\Utilizador\Desktop\Projetos\Projeto\Konane.scala. Using presentation compiler with project's scala-library version: 3.3.7
2026.04.22 18:59:01 INFO  no build target found for C:\Users\Utilizador\Desktop\Projetos\Projeto\Konane.scala. Using presentation compiler with project's scala-library version: 3.3.7
2026.04.22 18:59:01 INFO  no build target found for C:\Users\Utilizador\Desktop\Projetos\Projeto\Konane.scala. Using presentation compiler with project's scala-library version: 3.3.7
2026.04.22 18:59:02 INFO  no build target found for C:\Users\Utilizador\Desktop\Projetos\Projeto\Konane.scala. Using presentation compiler with project's scala-library version: 3.3.7
2026.04.22 18:59:02 INFO  no build target found for C:\Users\Utilizador\Desktop\Projetos\Projeto\Konane.scala. Using presentation compiler with project's scala-library version: 3.3.7
2026.04.22 18:59:02 INFO  no build target found for C:\Users\Utilizador\Desktop\Projetos\Projeto\Konane.scala. Using presentation compiler with project's scala-library version: 3.3.7
2026.04.22 18:59:02 INFO  no build target found for C:\Users\Utilizador\Desktop\Projetos\Projeto\Konane.scala. Using presentation compiler with project's scala-library version: 3.3.7
2026.04.22 18:59:02 INFO  no build target found for C:\Users\Utilizador\Desktop\Projetos\Projeto\Konane.scala. Using presentation compiler with project's scala-library version: 3.3.7
2026.04.22 18:59:04 INFO  no build target found for C:\Users\Utilizador\Desktop\Projetos\Projeto\Konane.scala. Using presentation compiler with project's scala-library version: 3.3.7
2026.04.22 18:59:04 INFO  no build target found for C:\Users\Utilizador\Desktop\Projetos\Projeto\Konane.scala. Using presentation compiler with project's scala-library version: 3.3.7
2026.04.22 18:59:04 INFO  no build target found for C:\Users\Utilizador\Desktop\Projetos\Projeto\Konane.scala. Using presentation compiler with project's scala-library version: 3.3.7
2026.04.22 18:59:04 INFO  no build target found for C:\Users\Utilizador\Desktop\Projetos\Projeto\Konane.scala. Using presentation compiler with project's scala-library version: 3.3.7
2026.04.22 18:59:06 INFO  no build target found for C:\Users\Utilizador\Desktop\Projetos\Projeto\Konane.scala. Using presentation compiler with project's scala-library version: 3.3.7
2026.04.22 18:59:06 INFO  no build target found for C:\Users\Utilizador\Desktop\Projetos\Projeto\Konane.scala. Using presentation compiler with project's scala-library version: 3.3.7
2026.04.22 18:59:06 INFO  no build target found for C:\Users\Utilizador\Desktop\Projetos\Projeto\Konane.scala. Using presentation compiler with project's scala-library version: 3.3.7
2026.04.22 18:59:06 INFO  no build target found for C:\Users\Utilizador\Desktop\Projetos\Projeto\Konane.scala. Using presentation compiler with project's scala-library version: 3.3.7
2026.04.22 18:59:06 INFO  no build target found for C:\Users\Utilizador\Desktop\Projetos\Projeto\Konane.scala. Using presentation compiler with project's scala-library version: 3.3.7
2026.04.22 18:59:06 INFO  no build target found for C:\Users\Utilizador\Desktop\Projetos\Projeto\Konane.scala. Using presentation compiler with project's scala-library version: 3.3.7
2026.04.22 18:59:07 INFO  no build target found for C:\Users\Utilizador\Desktop\Projetos\Projeto\Konane.scala. Using presentation compiler with project's scala-library version: 3.3.7
2026.04.22 18:59:07 INFO  no build target found for C:\Users\Utilizador\Desktop\Projetos\Projeto\Konane.scala. Using presentation compiler with project's scala-library version: 3.3.7
2026.04.22 18:59:07 INFO  no build target found for C:\Users\Utilizador\Desktop\Projetos\Projeto\Konane.scala. Using presentation compiler with project's scala-library version: 3.3.7
2026.04.22 18:59:07 INFO  no build target found for C:\Users\Utilizador\Desktop\Projetos\Projeto\Konane.scala. Using presentation compiler with project's scala-library version: 3.3.7
2026.04.22 18:59:11 INFO  no build target found for C:\Users\Utilizador\Desktop\Projetos\Projeto\Konane.scala. Using presentation compiler with project's scala-library version: 3.3.7
2026.04.22 18:59:11 INFO  no build target found for C:\Users\Utilizador\Desktop\Projetos\Projeto\Konane.scala. Using presentation compiler with project's scala-library version: 3.3.7
2026.04.22 18:59:12 INFO  no build target found for C:\Users\Utilizador\Desktop\Projetos\Projeto\Konane.scala. Using presentation compiler with project's scala-library version: 3.3.7
2026.04.22 18:59:12 INFO  no build target found for C:\Users\Utilizador\Desktop\Projetos\Projeto\Konane.scala. Using presentation compiler with project's scala-library version: 3.3.7
2026.04.22 18:59:12 INFO  no build target found for C:\Users\Utilizador\Desktop\Projetos\Projeto\Konane.scala. Using presentation compiler with project's scala-library version: 3.3.7
2026.04.22 18:59:13 INFO  no build target found for C:\Users\Utilizador\Desktop\Projetos\Projeto\Konane.scala. Using presentation compiler with project's scala-library version: 3.3.7
2026.04.22 18:59:13 INFO  no build target found for C:\Users\Utilizador\Desktop\Projetos\Projeto\Konane.scala. Using presentation compiler with project's scala-library version: 3.3.7
2026.04.22 18:59:13 INFO  no build target found for C:\Users\Utilizador\Desktop\Projetos\Projeto\Konane.scala. Using presentation compiler with project's scala-library version: 3.3.7
2026.04.22 18:59:13 INFO  no build target found for C:\Users\Utilizador\Desktop\Projetos\Projeto\Konane.scala. Using presentation compiler with project's scala-library version: 3.3.7
2026.04.22 18:59:13 INFO  no build target found for C:\Users\Utilizador\Desktop\Projetos\Projeto\Konane.scala. Using presentation compiler with project's scala-library version: 3.3.7
2026.04.22 18:59:14 INFO  no build target found for C:\Users\Utilizador\Desktop\Projetos\Projeto\Konane.scala. Using presentation compiler with project's scala-library version: 3.3.7
2026.04.22 18:59:14 INFO  no build target found for C:\Users\Utilizador\Desktop\Projetos\Projeto\Konane.scala. Using presentation compiler with project's scala-library version: 3.3.7
2026.04.22 18:59:16 INFO  no build target found for C:\Users\Utilizador\Desktop\Projetos\Projeto\Konane.scala. Using presentation compiler with project's scala-library version: 3.3.7
2026.04.22 18:59:16 INFO  no build target found for C:\Users\Utilizador\Desktop\Projetos\Projeto\Konane.scala. Using presentation compiler with project's scala-library version: 3.3.7
2026.04.22 18:59:18 INFO  no build target found for C:\Users\Utilizador\Desktop\Projetos\Projeto\Konane.scala. Using presentation compiler with project's scala-library version: 3.3.7
2026.04.22 18:59:21 INFO  no build target found for C:\Users\Utilizador\Desktop\Projetos\Projeto\Konane.scala. Using presentation compiler with project's scala-library version: 3.3.7
2026.04.22 18:59:21 INFO  no build target found for C:\Users\Utilizador\Desktop\Projetos\Projeto\Konane.scala. Using presentation compiler with project's scala-library version: 3.3.7
2026.04.22 18:59:21 INFO  no build target found for C:\Users\Utilizador\Desktop\Projetos\Projeto\Konane.scala. Using presentation compiler with project's scala-library version: 3.3.7
2026.04.22 18:59:21 INFO  no build target found for C:\Users\Utilizador\Desktop\Projetos\Projeto\Konane.scala. Using presentation compiler with project's scala-library version: 3.3.7
2026.04.22 18:59:21 INFO  no build target found for C:\Users\Utilizador\Desktop\Projetos\Projeto\Konane.scala. Using presentation compiler with project's scala-library version: 3.3.7
2026.04.22 18:59:22 INFO  no build target found for C:\Users\Utilizador\Desktop\Projetos\Projeto\Konane.scala. Using presentation compiler with project's scala-library version: 3.3.7
2026.04.22 18:59:22 INFO  no build target found for C:\Users\Utilizador\Desktop\Projetos\Projeto\Konane.scala. Using presentation compiler with project's scala-library version: 3.3.7
2026.04.22 18:59:24 INFO  no build target found for C:\Users\Utilizador\Desktop\Projetos\Projeto\Konane.scala. Using presentation compiler with project's scala-library version: 3.3.7
2026.04.22 18:59:24 INFO  no build target found for C:\Users\Utilizador\Desktop\Projetos\Projeto\Konane.scala. Using presentation compiler with project's scala-library version: 3.3.7
2026.04.22 18:59:24 INFO  no build target found for C:\Users\Utilizador\Desktop\Projetos\Projeto\Konane.scala. Using presentation compiler with project's scala-library version: 3.3.7
2026.04.22 18:59:24 INFO  no build target found for C:\Users\Utilizador\Desktop\Projetos\Projeto\Konane.scala. Using presentation compiler with project's scala-library version: 3.3.7
2026.04.22 18:59:25 INFO  no build target found for C:\Users\Utilizador\Desktop\Projetos\Projeto\Konane.scala. Using presentation compiler with project's scala-library version: 3.3.7
2026.04.22 18:59:25 INFO  no build target found for C:\Users\Utilizador\Desktop\Projetos\Projeto\Konane.scala. Using presentation compiler with project's scala-library version: 3.3.7
2026.04.22 18:59:28 INFO  no build target found for C:\Users\Utilizador\Desktop\Projetos\Projeto\Konane.scala. Using presentation compiler with project's scala-library version: 3.3.7
2026.04.22 18:59:28 INFO  no build target found for C:\Users\Utilizador\Desktop\Projetos\Projeto\Konane.scala. Using presentation compiler with project's scala-library version: 3.3.7
2026.04.22 18:59:28 INFO  no build target found for C:\Users\Utilizador\Desktop\Projetos\Projeto\Konane.scala. Using presentation compiler with project's scala-library version: 3.3.7
2026.04.22 18:59:28 INFO  no build target found for C:\Users\Utilizador\Desktop\Projetos\Projeto\Konane.scala. Using presentation compiler with project's scala-library version: 3.3.7
2026.04.22 18:59:28 INFO  no build target found for C:\Users\Utilizador\Desktop\Projetos\Projeto\Konane.scala. Using presentation compiler with project's scala-library version: 3.3.7
2026.04.22 18:59:29 INFO  no build target found for C:\Users\Utilizador\Desktop\Projetos\Projeto\Konane.scala. Using presentation compiler with project's scala-library version: 3.3.7
2026.04.22 18:59:29 INFO  no build target found for C:\Users\Utilizador\Desktop\Projetos\Projeto\Konane.scala. Using presentation compiler with project's scala-library version: 3.3.7
2026.04.22 18:59:29 INFO  no build target found for C:\Users\Utilizador\Desktop\Projetos\Projeto\Konane.scala. Using presentation compiler with project's scala-library version: 3.3.7
2026.04.22 18:59:29 INFO  no build target found for C:\Users\Utilizador\Desktop\Projetos\Projeto\Konane.scala. Using presentation compiler with project's scala-library version: 3.3.7
2026.04.22 18:59:29 INFO  no build target found for C:\Users\Utilizador\Desktop\Projetos\Projeto\Konane.scala. Using presentation compiler with project's scala-library version: 3.3.7
2026.04.22 18:59:31 INFO  no build target found for C:\Users\Utilizador\Desktop\Projetos\Projeto\Konane.scala. Using presentation compiler with project's scala-library version: 3.3.7
2026.04.22 18:59:32 INFO  no build target found for C:\Users\Utilizador\Desktop\Projetos\Projeto\Konane.scala. Using presentation compiler with project's scala-library version: 3.3.7
2026.04.22 18:59:36 INFO  no build target found for C:\Users\Utilizador\Desktop\Projetos\Projeto\Konane.scala. Using presentation compiler with project's scala-library version: 3.3.7
2026.04.22 18:59:38 INFO  no build target found for C:\Users\Utilizador\Desktop\Projetos\Projeto\Konane.scala. Using presentation compiler with project's scala-library version: 3.3.7
2026.04.22 18:59:38 INFO  no build target found for C:\Users\Utilizador\Desktop\Projetos\Projeto\Konane.scala. Using presentation compiler with project's scala-library version: 3.3.7
2026.04.22 18:59:39 INFO  no build target found for C:\Users\Utilizador\Desktop\Projetos\Projeto\Konane.scala. Using presentation compiler with project's scala-library version: 3.3.7
2026.04.22 18:59:39 INFO  no build target found for C:\Users\Utilizador\Desktop\Projetos\Projeto\Konane.scala. Using presentation compiler with project's scala-library version: 3.3.7
2026.04.22 18:59:53 INFO  no build target found for C:\Users\Utilizador\Desktop\Projetos\Projeto\Konane.scala. Using presentation compiler with project's scala-library version: 3.3.7
2026.04.22 18:59:56 INFO  no build target found for C:\Users\Utilizador\Desktop\Projetos\Projeto\Konane.scala. Using presentation compiler with project's scala-library version: 3.3.7
2026.04.22 18:59:57 INFO  no build target found for C:\Users\Utilizador\Desktop\Projetos\Projeto\Konane.scala. Using presentation compiler with project's scala-library version: 3.3.7
2026.04.22 18:59:57 INFO  no build target found for C:\Users\Utilizador\Desktop\Projetos\Projeto\Konane.scala. Using presentation compiler with project's scala-library version: 3.3.7
2026.04.22 18:59:57 INFO  no build target found for C:\Users\Utilizador\Desktop\Projetos\Projeto\Konane.scala. Using presentation compiler with project's scala-library version: 3.3.7
2026.04.22 18:59:57 INFO  no build target found for C:\Users\Utilizador\Desktop\Projetos\Projeto\Konane.scala. Using presentation compiler with project's scala-library version: 3.3.7
2026.04.22 18:59:58 INFO  no build target found for C:\Users\Utilizador\Desktop\Projetos\Projeto\Konane.scala. Using presentation compiler with project's scala-library version: 3.3.7
2026.04.22 18:59:58 INFO  no build target found for C:\Users\Utilizador\Desktop\Projetos\Projeto\Konane.scala. Using presentation compiler with project's scala-library version: 3.3.7
2026.04.22 18:59:58 INFO  no build target found for C:\Users\Utilizador\Desktop\Projetos\Projeto\Konane.scala. Using presentation compiler with project's scala-library version: 3.3.7
2026.04.22 18:59:58 INFO  no build target found for C:\Users\Utilizador\Desktop\Projetos\Projeto\Konane.scala. Using presentation compiler with project's scala-library version: 3.3.7
2026.04.22 19:00:01 INFO  no build target found for C:\Users\Utilizador\Desktop\Projetos\Projeto\Konane.scala. Using presentation compiler with project's scala-library version: 3.3.7
2026.04.22 19:00:01 INFO  no build target found for C:\Users\Utilizador\Desktop\Projetos\Projeto\Konane.scala. Using presentation compiler with project's scala-library version: 3.3.7
2026.04.22 19:00:02 INFO  no build target found for C:\Users\Utilizador\Desktop\Projetos\Projeto\Konane.scala. Using presentation compiler with project's scala-library version: 3.3.7
2026.04.22 19:00:02 INFO  no build target found for C:\Users\Utilizador\Desktop\Projetos\Projeto\Konane.scala. Using presentation compiler with project's scala-library version: 3.3.7
2026.04.22 19:00:02 INFO  no build target found for C:\Users\Utilizador\Desktop\Projetos\Projeto\Konane.scala. Using presentation compiler with project's scala-library version: 3.3.7
2026.04.22 19:00:02 INFO  no build target found for C:\Users\Utilizador\Desktop\Projetos\Projeto\Konane.scala. Using presentation compiler with project's scala-library version: 3.3.7
2026.04.22 19:00:03 INFO  no build target found for C:\Users\Utilizador\Desktop\Projetos\Projeto\Konane.scala. Using presentation compiler with project's scala-library version: 3.3.7
2026.04.22 19:00:03 INFO  no build target found for C:\Users\Utilizador\Desktop\Projetos\Projeto\Konane.scala. Using presentation compiler with project's scala-library version: 3.3.7
2026.04.22 19:00:03 INFO  no build target found for C:\Users\Utilizador\Desktop\Projetos\Projeto\Konane.scala. Using presentation compiler with project's scala-library version: 3.3.7
2026.04.22 19:00:03 INFO  no build target found for C:\Users\Utilizador\Desktop\Projetos\Projeto\Konane.scala. Using presentation compiler with project's scala-library version: 3.3.7
2026.04.22 19:00:03 INFO  no build target found for C:\Users\Utilizador\Desktop\Projetos\Projeto\Konane.scala. Using presentation compiler with project's scala-library version: 3.3.7
2026.04.22 19:00:04 INFO  no build target found for C:\Users\Utilizador\Desktop\Projetos\Projeto\Konane.scala. Using presentation compiler with project's scala-library version: 3.3.7
2026.04.22 19:00:04 INFO  no build target found for C:\Users\Utilizador\Desktop\Projetos\Projeto\Konane.scala. Using presentation compiler with project's scala-library version: 3.3.7
2026.04.22 19:00:06 INFO  no build target found for C:\Users\Utilizador\Desktop\Projetos\Projeto\Konane.scala. Using presentation compiler with project's scala-library version: 3.3.7
2026.04.22 19:00:06 INFO  no build target found for C:\Users\Utilizador\Desktop\Projetos\Projeto\Konane.scala. Using presentation compiler with project's scala-library version: 3.3.7
2026.04.22 19:00:06 INFO  no build target found for C:\Users\Utilizador\Desktop\Projetos\Projeto\Konane.scala. Using presentation compiler with project's scala-library version: 3.3.7
2026.04.22 19:00:06 INFO  no build target found for C:\Users\Utilizador\Desktop\Projetos\Projeto\Konane.scala. Using presentation compiler with project's scala-library version: 3.3.7
2026.04.22 19:00:06 INFO  no build target found for C:\Users\Utilizador\Desktop\Projetos\Projeto\Konane.scala. Using presentation compiler with project's scala-library version: 3.3.7
2026.04.22 19:00:07 INFO  no build target found for C:\Users\Utilizador\Desktop\Projetos\Projeto\Konane.scala. Using presentation compiler with project's scala-library version: 3.3.7
2026.04.22 19:00:07 INFO  no build target found for C:\Users\Utilizador\Desktop\Projetos\Projeto\Konane.scala. Using presentation compiler with project's scala-library version: 3.3.7
2026.04.22 19:00:07 INFO  no build target found for C:\Users\Utilizador\Desktop\Projetos\Projeto\Konane.scala. Using presentation compiler with project's scala-library version: 3.3.7
2026.04.22 19:00:07 INFO  no build target found for C:\Users\Utilizador\Desktop\Projetos\Projeto\Konane.scala. Using presentation compiler with project's scala-library version: 3.3.7
2026.04.22 19:00:08 INFO  no build target found for C:\Users\Utilizador\Desktop\Projetos\Projeto\Konane.scala. Using presentation compiler with project's scala-library version: 3.3.7
2026.04.22 19:00:08 INFO  no build target found for C:\Users\Utilizador\Desktop\Projetos\Projeto\Konane.scala. Using presentation compiler with project's scala-library version: 3.3.7
2026.04.22 19:00:08 INFO  no build target found for C:\Users\Utilizador\Desktop\Projetos\Projeto\Konane.scala. Using presentation compiler with project's scala-library version: 3.3.7
2026.04.22 19:00:09 INFO  no build target found for C:\Users\Utilizador\Desktop\Projetos\Projeto\Konane.scala. Using presentation compiler with project's scala-library version: 3.3.7
2026.04.22 19:00:09 INFO  no build target found for C:\Users\Utilizador\Desktop\Projetos\Projeto\Konane.scala. Using presentation compiler with project's scala-library version: 3.3.7
2026.04.22 19:00:09 INFO  no build target found for C:\Users\Utilizador\Desktop\Projetos\Projeto\Konane.scala. Using presentation compiler with project's scala-library version: 3.3.7
2026.04.22 19:00:09 INFO  no build target found for C:\Users\Utilizador\Desktop\Projetos\Projeto\Konane.scala. Using presentation compiler with project's scala-library version: 3.3.7
2026.04.22 19:00:09 INFO  no build target found for C:\Users\Utilizador\Desktop\Projetos\Projeto\Konane.scala. Using presentation compiler with project's scala-library version: 3.3.7
2026.04.22 19:00:09 INFO  no build target found for C:\Users\Utilizador\Desktop\Projetos\Projeto\Konane.scala. Using presentation compiler with project's scala-library version: 3.3.7
2026.04.22 19:00:10 INFO  no build target found for C:\Users\Utilizador\Desktop\Projetos\Projeto\Konane.scala. Using presentation compiler with project's scala-library version: 3.3.7
2026.04.22 19:00:10 INFO  no build target found for C:\Users\Utilizador\Desktop\Projetos\Projeto\Konane.scala. Using presentation compiler with project's scala-library version: 3.3.7
2026.04.22 19:00:10 INFO  no build target found for C:\Users\Utilizador\Desktop\Projetos\Projeto\Konane.scala. Using presentation compiler with project's scala-library version: 3.3.7
2026.04.22 19:00:10 INFO  no build target found for C:\Users\Utilizador\Desktop\Projetos\Projeto\Konane.scala. Using presentation compiler with project's scala-library version: 3.3.7
2026.04.22 19:00:11 INFO  no build target found for C:\Users\Utilizador\Desktop\Projetos\Projeto\Konane.scala. Using presentation compiler with project's scala-library version: 3.3.7
2026.04.22 19:00:11 INFO  no build target found for C:\Users\Utilizador\Desktop\Projetos\Projeto\Konane.scala. Using presentation compiler with project's scala-library version: 3.3.7
2026.04.22 19:00:11 INFO  no build target found for C:\Users\Utilizador\Desktop\Projetos\Projeto\Konane.scala. Using presentation compiler with project's scala-library version: 3.3.7
2026.04.22 19:00:13 INFO  no build target found for C:\Users\Utilizador\Desktop\Projetos\Projeto\Konane.scala. Using presentation compiler with project's scala-library version: 3.3.7
2026.04.22 19:00:13 INFO  no build target found for C:\Users\Utilizador\Desktop\Projetos\Projeto\Konane.scala. Using presentation compiler with project's scala-library version: 3.3.7
2026.04.22 19:00:13 INFO  no build target found for C:\Users\Utilizador\Desktop\Projetos\Projeto\Konane.scala. Using presentation compiler with project's scala-library version: 3.3.7
2026.04.22 19:00:13 INFO  no build target found for C:\Users\Utilizador\Desktop\Projetos\Projeto\Konane.scala. Using presentation compiler with project's scala-library version: 3.3.7
2026.04.22 19:00:13 INFO  no build target found for C:\Users\Utilizador\Desktop\Projetos\Projeto\Konane.scala. Using presentation compiler with project's scala-library version: 3.3.7
2026.04.22 19:00:27 INFO  no build target found for C:\Users\Utilizador\Desktop\Projetos\Projeto\Konane.scala. Using presentation compiler with project's scala-library version: 3.3.7
2026.04.22 19:00:28 INFO  no build target found for C:\Users\Utilizador\Desktop\Projetos\Projeto\Konane.scala. Using presentation compiler with project's scala-library version: 3.3.7
2026.04.22 19:00:28 INFO  no build target found for C:\Users\Utilizador\Desktop\Projetos\Projeto\Konane.scala. Using presentation compiler with project's scala-library version: 3.3.7
2026.04.22 19:00:30 INFO  no build target found for C:\Users\Utilizador\Desktop\Projetos\Projeto\Konane.scala. Using presentation compiler with project's scala-library version: 3.3.7
2026.04.22 19:00:31 INFO  no build target found for C:\Users\Utilizador\Desktop\Projetos\Projeto\Konane.scala. Using presentation compiler with project's scala-library version: 3.3.7
2026.04.22 19:00:31 INFO  no build target found for C:\Users\Utilizador\Desktop\Projetos\Projeto\Konane.scala. Using presentation compiler with project's scala-library version: 3.3.7
2026.04.22 19:00:44 INFO  no build target found for C:\Users\Utilizador\Desktop\Projetos\Projeto\Konane.scala. Using presentation compiler with project's scala-library version: 3.3.7
2026.04.22 19:00:44 INFO  no build target found for C:\Users\Utilizador\Desktop\Projetos\Projeto\Konane.scala. Using presentation compiler with project's scala-library version: 3.3.7
2026.04.22 19:00:47 INFO  no build target found for C:\Users\Utilizador\Desktop\Projetos\Projeto\Konane.scala. Using presentation compiler with project's scala-library version: 3.3.7
2026.04.22 19:00:47 INFO  no build target found for C:\Users\Utilizador\Desktop\Projetos\Projeto\Konane.scala. Using presentation compiler with project's scala-library version: 3.3.7
2026.04.22 19:00:47 INFO  no build target found for C:\Users\Utilizador\Desktop\Projetos\Projeto\Konane.scala. Using presentation compiler with project's scala-library version: 3.3.7
2026.04.22 19:00:47 INFO  no build target found for C:\Users\Utilizador\Desktop\Projetos\Projeto\Konane.scala. Using presentation compiler with project's scala-library version: 3.3.7
2026.04.22 19:00:49 INFO  no build target found for C:\Users\Utilizador\Desktop\Projetos\Projeto\Konane.scala. Using presentation compiler with project's scala-library version: 3.3.7
2026.04.22 19:00:49 INFO  no build target found for C:\Users\Utilizador\Desktop\Projetos\Projeto\Konane.scala. Using presentation compiler with project's scala-library version: 3.3.7
2026.04.22 19:00:49 INFO  no build target found for C:\Users\Utilizador\Desktop\Projetos\Projeto\Konane.scala. Using presentation compiler with project's scala-library version: 3.3.7
2026.04.22 19:00:50 INFO  no build target found for C:\Users\Utilizador\Desktop\Projetos\Projeto\Konane.scala. Using presentation compiler with project's scala-library version: 3.3.7
2026.04.22 19:00:50 INFO  no build target found for C:\Users\Utilizador\Desktop\Projetos\Projeto\Konane.scala. Using presentation compiler with project's scala-library version: 3.3.7
2026.04.22 19:00:51 INFO  no build target found for C:\Users\Utilizador\Desktop\Projetos\Projeto\Konane.scala. Using presentation compiler with project's scala-library version: 3.3.7
2026.04.22 19:01:07 INFO  no build target found for C:\Users\Utilizador\Desktop\Projetos\Projeto\Konane.scala. Using presentation compiler with project's scala-library version: 3.3.7
2026.04.22 19:01:09 INFO  no build target found for C:\Users\Utilizador\Desktop\Projetos\Projeto\Konane.scala. Using presentation compiler with project's scala-library version: 3.3.7
2026.04.22 19:01:09 INFO  no build target found for C:\Users\Utilizador\Desktop\Projetos\Projeto\Konane.scala. Using presentation compiler with project's scala-library version: 3.3.7
2026.04.22 19:01:15 INFO  no build target found for C:\Users\Utilizador\Desktop\Projetos\Projeto\Konane.scala. Using presentation compiler with project's scala-library version: 3.3.7
abr. 22, 2026 7:01:19 DA TARDE org.eclipse.lsp4j.jsonrpc.RemoteEndpoint handleCancellation
WARNING: Unmatched cancel notification for request id 961
2026.04.22 19:01:26 INFO  no build target found for C:\Users\Utilizador\Desktop\Projetos\Projeto\Konane.scala. Using presentation compiler with project's scala-library version: 3.3.7
2026.04.22 19:01:26 INFO  no build target found for C:\Users\Utilizador\Desktop\Projetos\Projeto\Konane.scala. Using presentation compiler with project's scala-library version: 3.3.7
2026.04.22 19:01:32 INFO  no build target found for C:\Users\Utilizador\Desktop\Projetos\Projeto\Konane.scala. Using presentation compiler with project's scala-library version: 3.3.7
Exception in thread "pool-316-thread-1" java.lang.InterruptedException
	at scala.meta.internal.metals.FutureCancelToken.checkCanceled(FutureCancelToken.scala:29)
	at scala.meta.internal.pc.CompilerAccess.onCompilerJobQueue$$anonfun$1(CompilerAccess.scala:208)
	at scala.meta.internal.pc.CompilerJobQueue$Job.run(CompilerJobQueue.scala:153)
	at java.base/java.util.concurrent.ThreadPoolExecutor.runWorker(ThreadPoolExecutor.java:1144)
	at java.base/java.util.concurrent.ThreadPoolExecutor$Worker.run(ThreadPoolExecutor.java:642)
	at java.base/java.lang.Thread.run(Thread.java:1583)
2026.04.22 19:01:32 INFO  no build target found for C:\Users\Utilizador\Desktop\Projetos\Projeto\Konane.scala. Using presentation compiler with project's scala-library version: 3.3.7
2026.04.22 19:01:33 INFO  no build target found for C:\Users\Utilizador\Desktop\Projetos\Projeto\Konane.scala. Using presentation compiler with project's scala-library version: 3.3.7
2026.04.22 19:01:35 INFO  no build target found for C:\Users\Utilizador\Desktop\Projetos\Projeto\Konane.scala. Using presentation compiler with project's scala-library version: 3.3.7
2026.04.22 19:01:39 INFO  no build target found for C:\Users\Utilizador\Desktop\Projetos\Projeto\Konane.scala. Using presentation compiler with project's scala-library version: 3.3.7
2026.04.22 19:01:39 INFO  no build target found for C:\Users\Utilizador\Desktop\Projetos\Projeto\Konane.scala. Using presentation compiler with project's scala-library version: 3.3.7
2026.04.22 19:01:39 INFO  no build target found for C:\Users\Utilizador\Desktop\Projetos\Projeto\Konane.scala. Using presentation compiler with project's scala-library version: 3.3.7
2026.04.22 19:01:39 INFO  no build target found for C:\Users\Utilizador\Desktop\Projetos\Projeto\Konane.scala. Using presentation compiler with project's scala-library version: 3.3.7
2026.04.22 19:01:42 INFO  no build target found for C:\Users\Utilizador\Desktop\Projetos\Projeto\Konane.scala. Using presentation compiler with project's scala-library version: 3.3.7
2026.04.22 19:01:42 INFO  no build target found for C:\Users\Utilizador\Desktop\Projetos\Projeto\Konane.scala. Using presentation compiler with project's scala-library version: 3.3.7
2026.04.22 19:01:43 INFO  no build target found for C:\Users\Utilizador\Desktop\Projetos\Projeto\Konane.scala. Using presentation compiler with project's scala-library version: 3.3.7
2026.04.22 19:01:43 INFO  no build target found for C:\Users\Utilizador\Desktop\Projetos\Projeto\Konane.scala. Using presentation compiler with project's scala-library version: 3.3.7
2026.04.22 19:01:44 INFO  no build target found for C:\Users\Utilizador\Desktop\Projetos\Projeto\Konane.scala. Using presentation compiler with project's scala-library version: 3.3.7
2026.04.22 19:01:44 INFO  no build target found for C:\Users\Utilizador\Desktop\Projetos\Projeto\Konane.scala. Using presentation compiler with project's scala-library version: 3.3.7
2026.04.22 19:01:44 INFO  no build target found for C:\Users\Utilizador\Desktop\Projetos\Projeto\Konane.scala. Using presentation compiler with project's scala-library version: 3.3.7
2026.04.22 19:01:44 INFO  no build target found for C:\Users\Utilizador\Desktop\Projetos\Projeto\Konane.scala. Using presentation compiler with project's scala-library version: 3.3.7
2026.04.22 19:01:44 INFO  no build target found for C:\Users\Utilizador\Desktop\Projetos\Projeto\Konane.scala. Using presentation compiler with project's scala-library version: 3.3.7
2026.04.22 19:01:44 INFO  no build target found for C:\Users\Utilizador\Desktop\Projetos\Projeto\Konane.scala. Using presentation compiler with project's scala-library version: 3.3.7
2026.04.22 19:01:46 INFO  no build target found for C:\Users\Utilizador\Desktop\Projetos\Projeto\Konane.scala. Using presentation compiler with project's scala-library version: 3.3.7
2026.04.22 19:01:46 INFO  no build target found for C:\Users\Utilizador\Desktop\Projetos\Projeto\Konane.scala. Using presentation compiler with project's scala-library version: 3.3.7
2026.04.22 19:01:46 INFO  no build target found for C:\Users\Utilizador\Desktop\Projetos\Projeto\Konane.scala. Using presentation compiler with project's scala-library version: 3.3.7
2026.04.22 19:01:50 INFO  no build target found for C:\Users\Utilizador\Desktop\Projetos\Projeto\Konane.scala. Using presentation compiler with project's scala-library version: 3.3.7
2026.04.22 19:01:53 INFO  no build target found for C:\Users\Utilizador\Desktop\Projetos\Projeto\Konane.scala. Using presentation compiler with project's scala-library version: 3.3.7
2026.04.22 19:01:53 INFO  no build target found for C:\Users\Utilizador\Desktop\Projetos\Projeto\Konane.scala. Using presentation compiler with project's scala-library version: 3.3.7
2026.04.22 19:01:53 INFO  no build target found for C:\Users\Utilizador\Desktop\Projetos\Projeto\Konane.scala. Using presentation compiler with project's scala-library version: 3.3.7
2026.04.22 19:01:54 INFO  no build target found for C:\Users\Utilizador\Desktop\Projetos\Projeto\Konane.scala. Using presentation compiler with project's scala-library version: 3.3.7
2026.04.22 19:01:54 INFO  no build target found for C:\Users\Utilizador\Desktop\Projetos\Projeto\Konane.scala. Using presentation compiler with project's scala-library version: 3.3.7
2026.04.22 19:01:54 INFO  no build target found for C:\Users\Utilizador\Desktop\Projetos\Projeto\Konane.scala. Using presentation compiler with project's scala-library version: 3.3.7
2026.04.22 19:01:55 INFO  no build target found for C:\Users\Utilizador\Desktop\Projetos\Projeto\Konane.scala. Using presentation compiler with project's scala-library version: 3.3.7
2026.04.22 19:01:55 INFO  no build target found for C:\Users\Utilizador\Desktop\Projetos\Projeto\Konane.scala. Using presentation compiler with project's scala-library version: 3.3.7
2026.04.22 19:01:55 INFO  no build target found for C:\Users\Utilizador\Desktop\Projetos\Projeto\Konane.scala. Using presentation compiler with project's scala-library version: 3.3.7
2026.04.22 19:01:58 INFO  no build target found for C:\Users\Utilizador\Desktop\Projetos\Projeto\Konane.scala. Using presentation compiler with project's scala-library version: 3.3.7
2026.04.22 19:02:00 INFO  no build target found for C:\Users\Utilizador\Desktop\Projetos\Projeto\Konane.scala. Using presentation compiler with project's scala-library version: 3.3.7
2026.04.22 19:02:00 INFO  no build target found for C:\Users\Utilizador\Desktop\Projetos\Projeto\Konane.scala. Using presentation compiler with project's scala-library version: 3.3.7
2026.04.22 19:02:00 INFO  no build target found for C:\Users\Utilizador\Desktop\Projetos\Projeto\Konane.scala. Using presentation compiler with project's scala-library version: 3.3.7
2026.04.22 19:02:00 INFO  no build target found for C:\Users\Utilizador\Desktop\Projetos\Projeto\Konane.scala. Using presentation compiler with project's scala-library version: 3.3.7
2026.04.22 19:02:02 INFO  no build target found for C:\Users\Utilizador\Desktop\Projetos\Projeto\Konane.scala. Using presentation compiler with project's scala-library version: 3.3.7
2026.04.22 19:02:02 INFO  no build target found for C:\Users\Utilizador\Desktop\Projetos\Projeto\Konane.scala. Using presentation compiler with project's scala-library version: 3.3.7
2026.04.22 19:02:02 INFO  no build target found for C:\Users\Utilizador\Desktop\Projetos\Projeto\Konane.scala. Using presentation compiler with project's scala-library version: 3.3.7
2026.04.22 19:02:05 INFO  no build target found for C:\Users\Utilizador\Desktop\Projetos\Projeto\Konane.scala. Using presentation compiler with project's scala-library version: 3.3.7
2026.04.22 19:02:05 INFO  no build target found for C:\Users\Utilizador\Desktop\Projetos\Projeto\Konane.scala. Using presentation compiler with project's scala-library version: 3.3.7
2026.04.22 19:02:05 INFO  no build target found for C:\Users\Utilizador\Desktop\Projetos\Projeto\Konane.scala. Using presentation compiler with project's scala-library version: 3.3.7
2026.04.22 19:02:05 INFO  no build target found for C:\Users\Utilizador\Desktop\Projetos\Projeto\Konane.scala. Using presentation compiler with project's scala-library version: 3.3.7
2026.04.22 19:02:05 INFO  no build target found for C:\Users\Utilizador\Desktop\Projetos\Projeto\Konane.scala. Using presentation compiler with project's scala-library version: 3.3.7
2026.04.22 19:02:05 INFO  no build target found for C:\Users\Utilizador\Desktop\Projetos\Projeto\Konane.scala. Using presentation compiler with project's scala-library version: 3.3.7
2026.04.22 19:02:07 INFO  no build target found for C:\Users\Utilizador\Desktop\Projetos\Projeto\Konane.scala. Using presentation compiler with project's scala-library version: 3.3.7
2026.04.22 19:02:07 INFO  no build target found for C:\Users\Utilizador\Desktop\Projetos\Projeto\Konane.scala. Using presentation compiler with project's scala-library version: 3.3.7
2026.04.22 19:02:07 INFO  no build target found for C:\Users\Utilizador\Desktop\Projetos\Projeto\Konane.scala. Using presentation compiler with project's scala-library version: 3.3.7
2026.04.22 19:02:08 INFO  no build target found for C:\Users\Utilizador\Desktop\Projetos\Projeto\Konane.scala. Using presentation compiler with project's scala-library version: 3.3.7
2026.04.22 19:02:10 INFO  no build target found for C:\Users\Utilizador\Desktop\Projetos\Projeto\Konane.scala. Using presentation compiler with project's scala-library version: 3.3.7
2026.04.22 19:02:10 INFO  no build target found for C:\Users\Utilizador\Desktop\Projetos\Projeto\Konane.scala. Using presentation compiler with project's scala-library version: 3.3.7
2026.04.22 19:02:12 INFO  no build target found for C:\Users\Utilizador\Desktop\Projetos\Projeto\Konane.scala. Using presentation compiler with project's scala-library version: 3.3.7
2026.04.22 19:02:12 INFO  no build target found for C:\Users\Utilizador\Desktop\Projetos\Projeto\Konane.scala. Using presentation compiler with project's scala-library version: 3.3.7
2026.04.22 19:02:12 INFO  no build target found for C:\Users\Utilizador\Desktop\Projetos\Projeto\Konane.scala. Using presentation compiler with project's scala-library version: 3.3.7
2026.04.22 19:02:12 INFO  no build target found for C:\Users\Utilizador\Desktop\Projetos\Projeto\Konane.scala. Using presentation compiler with project's scala-library version: 3.3.7
2026.04.22 19:02:13 INFO  no build target found for C:\Users\Utilizador\Desktop\Projetos\Projeto\Konane.scala. Using presentation compiler with project's scala-library version: 3.3.7
2026.04.22 19:02:13 INFO  no build target found for C:\Users\Utilizador\Desktop\Projetos\Projeto\Konane.scala. Using presentation compiler with project's scala-library version: 3.3.7
2026.04.22 19:02:13 INFO  no build target found for C:\Users\Utilizador\Desktop\Projetos\Projeto\Konane.scala. Using presentation compiler with project's scala-library version: 3.3.7
2026.04.22 19:02:13 INFO  no build target found for C:\Users\Utilizador\Desktop\Projetos\Projeto\Konane.scala. Using presentation compiler with project's scala-library version: 3.3.7
2026.04.22 19:02:15 INFO  no build target found for C:\Users\Utilizador\Desktop\Projetos\Projeto\Konane.scala. Using presentation compiler with project's scala-library version: 3.3.7
2026.04.22 19:02:15 INFO  no build target found for C:\Users\Utilizador\Desktop\Projetos\Projeto\Konane.scala. Using presentation compiler with project's scala-library version: 3.3.7
2026.04.22 19:02:15 INFO  no build target found for C:\Users\Utilizador\Desktop\Projetos\Projeto\Konane.scala. Using presentation compiler with project's scala-library version: 3.3.7
2026.04.22 19:02:15 INFO  no build target found for C:\Users\Utilizador\Desktop\Projetos\Projeto\Konane.scala. Using presentation compiler with project's scala-library version: 3.3.7
2026.04.22 19:02:15 INFO  no build target found for C:\Users\Utilizador\Desktop\Projetos\Projeto\Konane.scala. Using presentation compiler with project's scala-library version: 3.3.7
2026.04.22 19:02:24 INFO  no build target found for C:\Users\Utilizador\Desktop\Projetos\Projeto\Konane.scala. Using presentation compiler with project's scala-library version: 3.3.7
2026.04.22 19:02:24 INFO  no build target found for C:\Users\Utilizador\Desktop\Projetos\Projeto\Konane.scala. Using presentation compiler with project's scala-library version: 3.3.7
2026.04.22 19:02:25 INFO  no build target found for C:\Users\Utilizador\Desktop\Projetos\Projeto\Konane.scala. Using presentation compiler with project's scala-library version: 3.3.7
2026.04.22 19:02:25 INFO  no build target found for C:\Users\Utilizador\Desktop\Projetos\Projeto\Konane.scala. Using presentation compiler with project's scala-library version: 3.3.7
2026.04.22 19:02:25 INFO  no build target found for C:\Users\Utilizador\Desktop\Projetos\Projeto\Konane.scala. Using presentation compiler with project's scala-library version: 3.3.7
2026.04.22 19:02:25 INFO  no build target found for C:\Users\Utilizador\Desktop\Projetos\Projeto\Konane.scala. Using presentation compiler with project's scala-library version: 3.3.7
2026.04.22 19:02:25 INFO  no build target found for C:\Users\Utilizador\Desktop\Projetos\Projeto\Konane.scala. Using presentation compiler with project's scala-library version: 3.3.7
2026.04.22 19:02:27 INFO  no build target found for C:\Users\Utilizador\Desktop\Projetos\Projeto\Konane.scala. Using presentation compiler with project's scala-library version: 3.3.7
2026.04.22 19:02:28 INFO  no build target found for C:\Users\Utilizador\Desktop\Projetos\Projeto\Konane.scala. Using presentation compiler with project's scala-library version: 3.3.7
2026.04.22 19:02:28 INFO  no build target found for C:\Users\Utilizador\Desktop\Projetos\Projeto\Konane.scala. Using presentation compiler with project's scala-library version: 3.3.7
2026.04.22 19:02:28 INFO  no build target found for C:\Users\Utilizador\Desktop\Projetos\Projeto\Konane.scala. Using presentation compiler with project's scala-library version: 3.3.7
2026.04.22 19:02:28 INFO  no build target found for C:\Users\Utilizador\Desktop\Projetos\Projeto\Konane.scala. Using presentation compiler with project's scala-library version: 3.3.7
2026.04.22 19:02:28 INFO  no build target found for C:\Users\Utilizador\Desktop\Projetos\Projeto\Konane.scala. Using presentation compiler with project's scala-library version: 3.3.7
2026.04.22 19:02:30 INFO  no build target found for C:\Users\Utilizador\Desktop\Projetos\Projeto\Konane.scala. Using presentation compiler with project's scala-library version: 3.3.7
2026.04.22 19:02:30 INFO  no build target found for C:\Users\Utilizador\Desktop\Projetos\Projeto\Konane.scala. Using presentation compiler with project's scala-library version: 3.3.7
2026.04.22 19:02:31 INFO  no build target found for C:\Users\Utilizador\Desktop\Projetos\Projeto\Konane.scala. Using presentation compiler with project's scala-library version: 3.3.7
2026.04.22 19:02:31 INFO  no build target found for C:\Users\Utilizador\Desktop\Projetos\Projeto\Konane.scala. Using presentation compiler with project's scala-library version: 3.3.7
2026.04.22 19:02:33 INFO  no build target found for C:\Users\Utilizador\Desktop\Projetos\Projeto\Konane.scala. Using presentation compiler with project's scala-library version: 3.3.7
2026.04.22 19:02:33 INFO  no build target found for C:\Users\Utilizador\Desktop\Projetos\Projeto\Konane.scala. Using presentation compiler with project's scala-library version: 3.3.7
2026.04.22 19:02:34 INFO  no build target found for C:\Users\Utilizador\Desktop\Projetos\Projeto\Konane.scala. Using presentation compiler with project's scala-library version: 3.3.7
2026.04.22 19:02:34 INFO  no build target found for C:\Users\Utilizador\Desktop\Projetos\Projeto\Konane.scala. Using presentation compiler with project's scala-library version: 3.3.7
2026.04.22 19:02:34 INFO  no build target found for C:\Users\Utilizador\Desktop\Projetos\Projeto\Konane.scala. Using presentation compiler with project's scala-library version: 3.3.7
2026.04.22 19:02:34 INFO  no build target found for C:\Users\Utilizador\Desktop\Projetos\Projeto\Konane.scala. Using presentation compiler with project's scala-library version: 3.3.7
2026.04.22 19:02:35 INFO  no build target found for C:\Users\Utilizador\Desktop\Projetos\Projeto\Konane.scala. Using presentation compiler with project's scala-library version: 3.3.7
2026.04.22 19:02:36 INFO  no build target found for C:\Users\Utilizador\Desktop\Projetos\Projeto\Konane.scala. Using presentation compiler with project's scala-library version: 3.3.7
2026.04.22 19:02:36 INFO  no build target found for C:\Users\Utilizador\Desktop\Projetos\Projeto\Konane.scala. Using presentation compiler with project's scala-library version: 3.3.7
2026.04.22 19:02:36 INFO  no build target found for C:\Users\Utilizador\Desktop\Projetos\Projeto\Konane.scala. Using presentation compiler with project's scala-library version: 3.3.7
2026.04.22 19:02:38 INFO  no build target found for C:\Users\Utilizador\Desktop\Projetos\Projeto\Konane.scala. Using presentation compiler with project's scala-library version: 3.3.7
2026.04.22 19:02:38 INFO  no build target found for C:\Users\Utilizador\Desktop\Projetos\Projeto\Konane.scala. Using presentation compiler with project's scala-library version: 3.3.7
2026.04.22 19:02:38 INFO  no build target found for C:\Users\Utilizador\Desktop\Projetos\Projeto\Konane.scala. Using presentation compiler with project's scala-library version: 3.3.7
2026.04.22 19:02:39 INFO  no build target found for C:\Users\Utilizador\Desktop\Projetos\Projeto\Konane.scala. Using presentation compiler with project's scala-library version: 3.3.7
2026.04.22 19:02:41 INFO  no build target found for C:\Users\Utilizador\Desktop\Projetos\Projeto\Konane.scala. Using presentation compiler with project's scala-library version: 3.3.7
2026.04.22 19:02:41 INFO  no build target found for C:\Users\Utilizador\Desktop\Projetos\Projeto\Konane.scala. Using presentation compiler with project's scala-library version: 3.3.7
2026.04.22 19:02:42 INFO  no build target found for C:\Users\Utilizador\Desktop\Projetos\Projeto\Konane.scala. Using presentation compiler with project's scala-library version: 3.3.7
2026.04.22 19:02:44 INFO  no build target found for C:\Users\Utilizador\Desktop\Projetos\Projeto\Konane.scala. Using presentation compiler with project's scala-library version: 3.3.7
2026.04.22 19:02:44 INFO  no build target found for C:\Users\Utilizador\Desktop\Projetos\Projeto\Konane.scala. Using presentation compiler with project's scala-library version: 3.3.7
2026.04.22 19:02:44 INFO  no build target found for C:\Users\Utilizador\Desktop\Projetos\Projeto\Konane.scala. Using presentation compiler with project's scala-library version: 3.3.7
2026.04.22 19:02:47 INFO  no build target found for C:\Users\Utilizador\Desktop\Projetos\Projeto\Konane.scala. Using presentation compiler with project's scala-library version: 3.3.7
2026.04.22 19:02:47 INFO  no build target found for C:\Users\Utilizador\Desktop\Projetos\Projeto\Konane.scala. Using presentation compiler with project's scala-library version: 3.3.7
2026.04.22 19:02:49 INFO  no build target found for C:\Users\Utilizador\Desktop\Projetos\Projeto\Konane.scala. Using presentation compiler with project's scala-library version: 3.3.7
2026.04.22 19:02:50 INFO  no build target found for C:\Users\Utilizador\Desktop\Projetos\Projeto\Konane.scala. Using presentation compiler with project's scala-library version: 3.3.7
2026.04.22 19:02:50 INFO  no build target found for C:\Users\Utilizador\Desktop\Projetos\Projeto\Konane.scala. Using presentation compiler with project's scala-library version: 3.3.7
2026.04.22 19:02:51 INFO  no build target found for C:\Users\Utilizador\Desktop\Projetos\Projeto\Konane.scala. Using presentation compiler with project's scala-library version: 3.3.7
2026.04.22 19:02:54 INFO  no build target found for C:\Users\Utilizador\Desktop\Projetos\Projeto\Konane.scala. Using presentation compiler with project's scala-library version: 3.3.7
2026.04.22 19:02:55 INFO  no build target found for C:\Users\Utilizador\Desktop\Projetos\Projeto\Konane.scala. Using presentation compiler with project's scala-library version: 3.3.7
2026.04.22 19:02:58 INFO  no build target found for C:\Users\Utilizador\Desktop\Projetos\Projeto\Konane.scala. Using presentation compiler with project's scala-library version: 3.3.7
2026.04.22 19:03:00 INFO  no build target found for C:\Users\Utilizador\Desktop\Projetos\Projeto\Konane.scala. Using presentation compiler with project's scala-library version: 3.3.7
2026.04.22 19:03:00 INFO  no build target found for C:\Users\Utilizador\Desktop\Projetos\Projeto\Konane.scala. Using presentation compiler with project's scala-library version: 3.3.7
2026.04.22 19:03:02 INFO  no build target found for C:\Users\Utilizador\Desktop\Projetos\Projeto\Konane.scala. Using presentation compiler with project's scala-library version: 3.3.7
2026.04.22 19:03:03 INFO  no build target found for C:\Users\Utilizador\Desktop\Projetos\Projeto\Konane.scala. Using presentation compiler with project's scala-library version: 3.3.7
2026.04.22 19:03:06 INFO  no build target found for C:\Users\Utilizador\Desktop\Projetos\Projeto\Konane.scala. Using presentation compiler with project's scala-library version: 3.3.7
2026.04.22 19:03:08 INFO  no build target found for C:\Users\Utilizador\Desktop\Projetos\Projeto\Konane.scala. Using presentation compiler with project's scala-library version: 3.3.7
2026.04.22 19:03:09 INFO  no build target found for C:\Users\Utilizador\Desktop\Projetos\Projeto\Konane.scala. Using presentation compiler with project's scala-library version: 3.3.7
Exception in thread "pool-376-thread-1" java.lang.InterruptedException
	at scala.meta.internal.metals.FutureCancelToken.checkCanceled(FutureCancelToken.scala:29)
	at scala.meta.internal.pc.CompilerAccess.onCompilerJobQueue$$anonfun$1(CompilerAccess.scala:208)
	at scala.meta.internal.pc.CompilerJobQueue$Job.run(CompilerJobQueue.scala:153)
	at java.base/java.util.concurrent.ThreadPoolExecutor.runWorker(ThreadPoolExecutor.java:1144)
	at java.base/java.util.concurrent.ThreadPoolExecutor$Worker.run(ThreadPoolExecutor.java:642)
	at java.base/java.lang.Thread.run(Thread.java:1583)
2026.04.22 19:03:09 INFO  no build target found for C:\Users\Utilizador\Desktop\Projetos\Projeto\Konane.scala. Using presentation compiler with project's scala-library version: 3.3.7
2026.04.22 19:03:10 INFO  no build target found for C:\Users\Utilizador\Desktop\Projetos\Projeto\Konane.scala. Using presentation compiler with project's scala-library version: 3.3.7
2026.04.22 19:03:10 INFO  no build target found for C:\Users\Utilizador\Desktop\Projetos\Projeto\Konane.scala. Using presentation compiler with project's scala-library version: 3.3.7
2026.04.22 19:03:11 INFO  no build target found for C:\Users\Utilizador\Desktop\Projetos\Projeto\Konane.scala. Using presentation compiler with project's scala-library version: 3.3.7
2026.04.22 19:03:11 INFO  no build target found for C:\Users\Utilizador\Desktop\Projetos\Projeto\Konane.scala. Using presentation compiler with project's scala-library version: 3.3.7
2026.04.22 19:03:23 INFO  no build target found for C:\Users\Utilizador\Desktop\Projetos\Projeto\Konane.scala. Using presentation compiler with project's scala-library version: 3.3.7
2026.04.22 19:03:23 INFO  no build target found for C:\Users\Utilizador\Desktop\Projetos\Projeto\Konane.scala. Using presentation compiler with project's scala-library version: 3.3.7
2026.04.22 19:03:26 INFO  no build target found for C:\Users\Utilizador\Desktop\Projetos\Projeto\Konane.scala. Using presentation compiler with project's scala-library version: 3.3.7
2026.04.22 19:03:26 INFO  no build target found for C:\Users\Utilizador\Desktop\Projetos\Projeto\Konane.scala. Using presentation compiler with project's scala-library version: 3.3.7
2026.04.22 19:03:26 INFO  no build target found for C:\Users\Utilizador\Desktop\Projetos\Projeto\Konane.scala. Using presentation compiler with project's scala-library version: 3.3.7
2026.04.22 19:03:27 INFO  no build target found for C:\Users\Utilizador\Desktop\Projetos\Projeto\Konane.scala. Using presentation compiler with project's scala-library version: 3.3.7
2026.04.22 19:03:27 INFO  no build target found for C:\Users\Utilizador\Desktop\Projetos\Projeto\Konane.scala. Using presentation compiler with project's scala-library version: 3.3.7
2026.04.22 19:03:27 INFO  no build target found for C:\Users\Utilizador\Desktop\Projetos\Projeto\Konane.scala. Using presentation compiler with project's scala-library version: 3.3.7
2026.04.22 19:03:27 INFO  no build target found for C:\Users\Utilizador\Desktop\Projetos\Projeto\Konane.scala. Using presentation compiler with project's scala-library version: 3.3.7
2026.04.22 19:03:28 INFO  no build target found for C:\Users\Utilizador\Desktop\Projetos\Projeto\Konane.scala. Using presentation compiler with project's scala-library version: 3.3.7
2026.04.22 19:03:28 INFO  no build target found for C:\Users\Utilizador\Desktop\Projetos\Projeto\Konane.scala. Using presentation compiler with project's scala-library version: 3.3.7
2026.04.22 19:03:28 INFO  no build target found for C:\Users\Utilizador\Desktop\Projetos\Projeto\Konane.scala. Using presentation compiler with project's scala-library version: 3.3.7
2026.04.22 19:03:30 INFO  no build target found for C:\Users\Utilizador\Desktop\Projetos\Projeto\Konane.scala. Using presentation compiler with project's scala-library version: 3.3.7
2026.04.22 19:03:30 INFO  no build target found for C:\Users\Utilizador\Desktop\Projetos\Projeto\Konane.scala. Using presentation compiler with project's scala-library version: 3.3.7
2026.04.22 19:03:30 INFO  no build target found for C:\Users\Utilizador\Desktop\Projetos\Projeto\Konane.scala. Using presentation compiler with project's scala-library version: 3.3.7
2026.04.22 19:03:33 INFO  no build target found for C:\Users\Utilizador\Desktop\Projetos\Projeto\Konane.scala. Using presentation compiler with project's scala-library version: 3.3.7
2026.04.22 19:03:34 INFO  no build target found for C:\Users\Utilizador\Desktop\Projetos\Projeto\Konane.scala. Using presentation compiler with project's scala-library version: 3.3.7
2026.04.22 19:03:34 INFO  no build target found for C:\Users\Utilizador\Desktop\Projetos\Projeto\Konane.scala. Using presentation compiler with project's scala-library version: 3.3.7
2026.04.22 19:03:34 INFO  no build target found for C:\Users\Utilizador\Desktop\Projetos\Projeto\Konane.scala. Using presentation compiler with project's scala-library version: 3.3.7
2026.04.22 19:03:34 INFO  no build target found for C:\Users\Utilizador\Desktop\Projetos\Projeto\Konane.scala. Using presentation compiler with project's scala-library version: 3.3.7
2026.04.22 19:03:36 INFO  no build target found for C:\Users\Utilizador\Desktop\Projetos\Projeto\Konane.scala. Using presentation compiler with project's scala-library version: 3.3.7
2026.04.22 19:03:36 INFO  no build target found for C:\Users\Utilizador\Desktop\Projetos\Projeto\Konane.scala. Using presentation compiler with project's scala-library version: 3.3.7
2026.04.22 19:03:45 INFO  no build target found for C:\Users\Utilizador\Desktop\Projetos\Projeto\Konane.scala. Using presentation compiler with project's scala-library version: 3.3.7
2026.04.22 19:03:45 INFO  no build target found for C:\Users\Utilizador\Desktop\Projetos\Projeto\Konane.scala. Using presentation compiler with project's scala-library version: 3.3.7
2026.04.22 19:03:50 INFO  no build target found for C:\Users\Utilizador\Desktop\Projetos\Projeto\Konane.scala. Using presentation compiler with project's scala-library version: 3.3.7
2026.04.22 19:03:50 INFO  no build target found for C:\Users\Utilizador\Desktop\Projetos\Projeto\Konane.scala. Using presentation compiler with project's scala-library version: 3.3.7
2026.04.22 19:03:52 INFO  no build target found for C:\Users\Utilizador\Desktop\Projetos\Projeto\Konane.scala. Using presentation compiler with project's scala-library version: 3.3.7
2026.04.22 19:03:52 INFO  no build target found for C:\Users\Utilizador\Desktop\Projetos\Projeto\Konane.scala. Using presentation compiler with project's scala-library version: 3.3.7
2026.04.22 19:03:55 INFO  no build target found for C:\Users\Utilizador\Desktop\Projetos\Projeto\Konane.scala. Using presentation compiler with project's scala-library version: 3.3.7
2026.04.22 19:04:00 INFO  no build target found for C:\Users\Utilizador\Desktop\Projetos\Projeto\Konane.scala. Using presentation compiler with project's scala-library version: 3.3.7
2026.04.22 19:04:00 INFO  no build target found for C:\Users\Utilizador\Desktop\Projetos\Projeto\Konane.scala. Using presentation compiler with project's scala-library version: 3.3.7
2026.04.22 19:04:00 INFO  no build target found for C:\Users\Utilizador\Desktop\Projetos\Projeto\Konane.scala. Using presentation compiler with project's scala-library version: 3.3.7
2026.04.22 19:04:00 INFO  no build target found for C:\Users\Utilizador\Desktop\Projetos\Projeto\Konane.scala. Using presentation compiler with project's scala-library version: 3.3.7
2026.04.22 19:04:00 INFO  no build target found for C:\Users\Utilizador\Desktop\Projetos\Projeto\Konane.scala. Using presentation compiler with project's scala-library version: 3.3.7
2026.04.22 19:04:01 INFO  no build target found for C:\Users\Utilizador\Desktop\Projetos\Projeto\Konane.scala. Using presentation compiler with project's scala-library version: 3.3.7
2026.04.22 19:04:01 INFO  no build target found for C:\Users\Utilizador\Desktop\Projetos\Projeto\Konane.scala. Using presentation compiler with project's scala-library version: 3.3.7
2026.04.22 19:04:01 INFO  no build target found for C:\Users\Utilizador\Desktop\Projetos\Projeto\Konane.scala. Using presentation compiler with project's scala-library version: 3.3.7
2026.04.22 19:04:01 INFO  no build target found for C:\Users\Utilizador\Desktop\Projetos\Projeto\Konane.scala. Using presentation compiler with project's scala-library version: 3.3.7
2026.04.22 19:04:01 INFO  no build target found for C:\Users\Utilizador\Desktop\Projetos\Projeto\Konane.scala. Using presentation compiler with project's scala-library version: 3.3.7
2026.04.22 19:04:03 INFO  no build target found for C:\Users\Utilizador\Desktop\Projetos\Projeto\Konane.scala. Using presentation compiler with project's scala-library version: 3.3.7
2026.04.22 19:04:03 INFO  no build target found for C:\Users\Utilizador\Desktop\Projetos\Projeto\Konane.scala. Using presentation compiler with project's scala-library version: 3.3.7
2026.04.22 19:04:03 INFO  no build target found for C:\Users\Utilizador\Desktop\Projetos\Projeto\Konane.scala. Using presentation compiler with project's scala-library version: 3.3.7
2026.04.22 19:04:03 INFO  no build target found for C:\Users\Utilizador\Desktop\Projetos\Projeto\Konane.scala. Using presentation compiler with project's scala-library version: 3.3.7
2026.04.22 19:04:04 INFO  no build target found for C:\Users\Utilizador\Desktop\Projetos\Projeto\Konane.scala. Using presentation compiler with project's scala-library version: 3.3.7
2026.04.22 19:04:04 INFO  no build target found for C:\Users\Utilizador\Desktop\Projetos\Projeto\Konane.scala. Using presentation compiler with project's scala-library version: 3.3.7
abr. 22, 2026 7:04:04 DA TARDE org.eclipse.lsp4j.jsonrpc.RemoteEndpoint handleCancellation
WARNING: Unmatched cancel notification for request id 1201
2026.04.22 19:04:04 INFO  no build target found for C:\Users\Utilizador\Desktop\Projetos\Projeto\Konane.scala. Using presentation compiler with project's scala-library version: 3.3.7
2026.04.22 19:04:04 INFO  no build target found for C:\Users\Utilizador\Desktop\Projetos\Projeto\Konane.scala. Using presentation compiler with project's scala-library version: 3.3.7
2026.04.22 19:04:04 INFO  no build target found for C:\Users\Utilizador\Desktop\Projetos\Projeto\Konane.scala. Using presentation compiler with project's scala-library version: 3.3.7
2026.04.22 19:04:06 INFO  no build target found for C:\Users\Utilizador\Desktop\Projetos\Projeto\Konane.scala. Using presentation compiler with project's scala-library version: 3.3.7
2026.04.22 19:04:06 INFO  no build target found for C:\Users\Utilizador\Desktop\Projetos\Projeto\Konane.scala. Using presentation compiler with project's scala-library version: 3.3.7
2026.04.22 19:04:07 INFO  no build target found for C:\Users\Utilizador\Desktop\Projetos\Projeto\Konane.scala. Using presentation compiler with project's scala-library version: 3.3.7
2026.04.22 19:04:07 INFO  no build target found for C:\Users\Utilizador\Desktop\Projetos\Projeto\Konane.scala. Using presentation compiler with project's scala-library version: 3.3.7
2026.04.22 19:04:07 INFO  no build target found for C:\Users\Utilizador\Desktop\Projetos\Projeto\Konane.scala. Using presentation compiler with project's scala-library version: 3.3.7
2026.04.22 19:04:08 INFO  no build target found for C:\Users\Utilizador\Desktop\Projetos\Projeto\Konane.scala. Using presentation compiler with project's scala-library version: 3.3.7
2026.04.22 19:04:08 INFO  no build target found for C:\Users\Utilizador\Desktop\Projetos\Projeto\Konane.scala. Using presentation compiler with project's scala-library version: 3.3.7
2026.04.22 19:04:08 INFO  no build target found for C:\Users\Utilizador\Desktop\Projetos\Projeto\Konane.scala. Using presentation compiler with project's scala-library version: 3.3.7
2026.04.22 19:04:29 INFO  no build target found for C:\Users\Utilizador\Desktop\Projetos\Projeto\Konane.scala. Using presentation compiler with project's scala-library version: 3.3.7
2026.04.22 19:04:29 INFO  no build target found for C:\Users\Utilizador\Desktop\Projetos\Projeto\Konane.scala. Using presentation compiler with project's scala-library version: 3.3.7
2026.04.22 19:04:30 INFO  no build target found for C:\Users\Utilizador\Desktop\Projetos\Projeto\Konane.scala. Using presentation compiler with project's scala-library version: 3.3.7
2026.04.22 19:04:30 INFO  no build target found for C:\Users\Utilizador\Desktop\Projetos\Projeto\Konane.scala. Using presentation compiler with project's scala-library version: 3.3.7
2026.04.22 19:04:31 INFO  no build target found for C:\Users\Utilizador\Desktop\Projetos\Projeto\Konane.scala. Using presentation compiler with project's scala-library version: 3.3.7
2026.04.22 19:04:32 INFO  no build target found for C:\Users\Utilizador\Desktop\Projetos\Projeto\Konane.scala. Using presentation compiler with project's scala-library version: 3.3.7
2026.04.22 19:05:47 INFO  no build target found for C:\Users\Utilizador\Desktop\Projetos\Projeto\Konane.scala. Using presentation compiler with project's scala-library version: 3.3.7
2026.04.22 19:05:49 INFO  no build target found for C:\Users\Utilizador\Desktop\Projetos\Projeto\Konane.scala. Using presentation compiler with project's scala-library version: 3.3.7
2026.04.22 19:05:49 INFO  no build target found for C:\Users\Utilizador\Desktop\Projetos\Projeto\Konane.scala. Using presentation compiler with project's scala-library version: 3.3.7
2026.04.22 19:05:52 INFO  no build target found for C:\Users\Utilizador\Desktop\Projetos\Projeto\Konane.scala. Using presentation compiler with project's scala-library version: 3.3.7
2026.04.22 19:05:52 INFO  no build target found for C:\Users\Utilizador\Desktop\Projetos\Projeto\Konane.scala. Using presentation compiler with project's scala-library version: 3.3.7
2026.04.22 19:05:54 INFO  no build target found for C:\Users\Utilizador\Desktop\Projetos\Projeto\Konane.scala. Using presentation compiler with project's scala-library version: 3.3.7
2026.04.22 19:05:56 INFO  no build target found for C:\Users\Utilizador\Desktop\Projetos\Projeto\Konane.scala. Using presentation compiler with project's scala-library version: 3.3.7
2026.04.22 19:05:56 INFO  no build target found for C:\Users\Utilizador\Desktop\Projetos\Projeto\Konane.scala. Using presentation compiler with project's scala-library version: 3.3.7
2026.04.22 19:05:56 INFO  no build target found for C:\Users\Utilizador\Desktop\Projetos\Projeto\Konane.scala. Using presentation compiler with project's scala-library version: 3.3.7
2026.04.22 19:05:56 INFO  no build target found for C:\Users\Utilizador\Desktop\Projetos\Projeto\Konane.scala. Using presentation compiler with project's scala-library version: 3.3.7
2026.04.22 19:05:57 INFO  no build target found for C:\Users\Utilizador\Desktop\Projetos\Projeto\Konane.scala. Using presentation compiler with project's scala-library version: 3.3.7
2026.04.22 19:05:57 INFO  no build target found for C:\Users\Utilizador\Desktop\Projetos\Projeto\Konane.scala. Using presentation compiler with project's scala-library version: 3.3.7
2026.04.22 19:05:57 INFO  no build target found for C:\Users\Utilizador\Desktop\Projetos\Projeto\Konane.scala. Using presentation compiler with project's scala-library version: 3.3.7
2026.04.22 19:05:57 INFO  no build target found for C:\Users\Utilizador\Desktop\Projetos\Projeto\Konane.scala. Using presentation compiler with project's scala-library version: 3.3.7
2026.04.22 19:05:58 INFO  no build target found for C:\Users\Utilizador\Desktop\Projetos\Projeto\Konane.scala. Using presentation compiler with project's scala-library version: 3.3.7
2026.04.22 19:05:58 INFO  no build target found for C:\Users\Utilizador\Desktop\Projetos\Projeto\Konane.scala. Using presentation compiler with project's scala-library version: 3.3.7
2026.04.22 19:05:59 INFO  no build target found for C:\Users\Utilizador\Desktop\Projetos\Projeto\Konane.scala. Using presentation compiler with project's scala-library version: 3.3.7
2026.04.22 19:05:59 INFO  no build target found for C:\Users\Utilizador\Desktop\Projetos\Projeto\Konane.scala. Using presentation compiler with project's scala-library version: 3.3.7
2026.04.22 19:06:04 INFO  no build target found for C:\Users\Utilizador\Desktop\Projetos\Projeto\Konane.scala. Using presentation compiler with project's scala-library version: 3.3.7
2026.04.22 19:06:04 INFO  no build target found for C:\Users\Utilizador\Desktop\Projetos\Projeto\Konane.scala. Using presentation compiler with project's scala-library version: 3.3.7
2026.04.22 19:06:04 INFO  no build target found for C:\Users\Utilizador\Desktop\Projetos\Projeto\Konane.scala. Using presentation compiler with project's scala-library version: 3.3.7
2026.04.22 19:06:04 INFO  no build target found for C:\Users\Utilizador\Desktop\Projetos\Projeto\Konane.scala. Using presentation compiler with project's scala-library version: 3.3.7
2026.04.22 19:06:04 INFO  no build target found for C:\Users\Utilizador\Desktop\Projetos\Projeto\Konane.scala. Using presentation compiler with project's scala-library version: 3.3.7
2026.04.22 19:06:06 INFO  no build target found for C:\Users\Utilizador\Desktop\Projetos\Projeto\Konane.scala. Using presentation compiler with project's scala-library version: 3.3.7
2026.04.22 19:06:06 INFO  no build target found for C:\Users\Utilizador\Desktop\Projetos\Projeto\Konane.scala. Using presentation compiler with project's scala-library version: 3.3.7
2026.04.22 19:06:06 INFO  no build target found for C:\Users\Utilizador\Desktop\Projetos\Projeto\Konane.scala. Using presentation compiler with project's scala-library version: 3.3.7
2026.04.22 19:06:06 INFO  no build target found for C:\Users\Utilizador\Desktop\Projetos\Projeto\Konane.scala. Using presentation compiler with project's scala-library version: 3.3.7
2026.04.22 19:06:07 INFO  no build target found for C:\Users\Utilizador\Desktop\Projetos\Projeto\Konane.scala. Using presentation compiler with project's scala-library version: 3.3.7
2026.04.22 19:06:07 INFO  no build target found for C:\Users\Utilizador\Desktop\Projetos\Projeto\Konane.scala. Using presentation compiler with project's scala-library version: 3.3.7
2026.04.22 19:06:07 INFO  no build target found for C:\Users\Utilizador\Desktop\Projetos\Projeto\Konane.scala. Using presentation compiler with project's scala-library version: 3.3.7
2026.04.22 19:06:08 INFO  no build target found for C:\Users\Utilizador\Desktop\Projetos\Projeto\Konane.scala. Using presentation compiler with project's scala-library version: 3.3.7
2026.04.22 19:06:08 INFO  no build target found for C:\Users\Utilizador\Desktop\Projetos\Projeto\Konane.scala. Using presentation compiler with project's scala-library version: 3.3.7
2026.04.22 19:06:10 INFO  no build target found for C:\Users\Utilizador\Desktop\Projetos\Projeto\Konane.scala. Using presentation compiler with project's scala-library version: 3.3.7
2026.04.22 19:06:10 INFO  no build target found for C:\Users\Utilizador\Desktop\Projetos\Projeto\Konane.scala. Using presentation compiler with project's scala-library version: 3.3.7
2026.04.22 19:06:10 INFO  no build target found for C:\Users\Utilizador\Desktop\Projetos\Projeto\Konane.scala. Using presentation compiler with project's scala-library version: 3.3.7
2026.04.22 19:06:10 INFO  no build target found for C:\Users\Utilizador\Desktop\Projetos\Projeto\Konane.scala. Using presentation compiler with project's scala-library version: 3.3.7
2026.04.22 19:06:12 INFO  no build target found for C:\Users\Utilizador\Desktop\Projetos\Projeto\Konane.scala. Using presentation compiler with project's scala-library version: 3.3.7
2026.04.22 19:06:12 INFO  no build target found for C:\Users\Utilizador\Desktop\Projetos\Projeto\Konane.scala. Using presentation compiler with project's scala-library version: 3.3.7
2026.04.22 19:06:13 INFO  no build target found for C:\Users\Utilizador\Desktop\Projetos\Projeto\Konane.scala. Using presentation compiler with project's scala-library version: 3.3.7
2026.04.22 19:06:13 INFO  no build target found for C:\Users\Utilizador\Desktop\Projetos\Projeto\Konane.scala. Using presentation compiler with project's scala-library version: 3.3.7
2026.04.22 19:06:13 INFO  no build target found for C:\Users\Utilizador\Desktop\Projetos\Projeto\Konane.scala. Using presentation compiler with project's scala-library version: 3.3.7
2026.04.22 19:06:13 INFO  no build target found for C:\Users\Utilizador\Desktop\Projetos\Projeto\Konane.scala. Using presentation compiler with project's scala-library version: 3.3.7
2026.04.22 19:06:17 INFO  no build target found for C:\Users\Utilizador\Desktop\Projetos\Projeto\Konane.scala. Using presentation compiler with project's scala-library version: 3.3.7
2026.04.22 19:06:17 INFO  no build target found for C:\Users\Utilizador\Desktop\Projetos\Projeto\Konane.scala. Using presentation compiler with project's scala-library version: 3.3.7
2026.04.22 19:06:18 INFO  no build target found for C:\Users\Utilizador\Desktop\Projetos\Projeto\Konane.scala. Using presentation compiler with project's scala-library version: 3.3.7
2026.04.22 19:06:18 INFO  no build target found for C:\Users\Utilizador\Desktop\Projetos\Projeto\Konane.scala. Using presentation compiler with project's scala-library version: 3.3.7
2026.04.22 19:06:18 INFO  no build target found for C:\Users\Utilizador\Desktop\Projetos\Projeto\Konane.scala. Using presentation compiler with project's scala-library version: 3.3.7
2026.04.22 19:06:20 INFO  no build target found for C:\Users\Utilizador\Desktop\Projetos\Projeto\Konane.scala. Using presentation compiler with project's scala-library version: 3.3.7
2026.04.22 19:06:20 INFO  no build target found for C:\Users\Utilizador\Desktop\Projetos\Projeto\Konane.scala. Using presentation compiler with project's scala-library version: 3.3.7
2026.04.22 19:06:22 INFO  no build target found for C:\Users\Utilizador\Desktop\Projetos\Projeto\Konane.scala. Using presentation compiler with project's scala-library version: 3.3.7
2026.04.22 19:06:22 INFO  no build target found for C:\Users\Utilizador\Desktop\Projetos\Projeto\Konane.scala. Using presentation compiler with project's scala-library version: 3.3.7
2026.04.22 19:06:23 INFO  no build target found for C:\Users\Utilizador\Desktop\Projetos\Projeto\Konane.scala. Using presentation compiler with project's scala-library version: 3.3.7
2026.04.22 19:06:25 INFO  no build target found for C:\Users\Utilizador\Desktop\Projetos\Projeto\Konane.scala. Using presentation compiler with project's scala-library version: 3.3.7
2026.04.22 19:06:25 INFO  no build target found for C:\Users\Utilizador\Desktop\Projetos\Projeto\Konane.scala. Using presentation compiler with project's scala-library version: 3.3.7
2026.04.22 19:06:26 INFO  no build target found for C:\Users\Utilizador\Desktop\Projetos\Projeto\Konane.scala. Using presentation compiler with project's scala-library version: 3.3.7
2026.04.22 19:06:26 INFO  no build target found for C:\Users\Utilizador\Desktop\Projetos\Projeto\Konane.scala. Using presentation compiler with project's scala-library version: 3.3.7
2026.04.22 19:06:26 INFO  no build target found for C:\Users\Utilizador\Desktop\Projetos\Projeto\Konane.scala. Using presentation compiler with project's scala-library version: 3.3.7
2026.04.22 19:06:26 INFO  no build target found for C:\Users\Utilizador\Desktop\Projetos\Projeto\Konane.scala. Using presentation compiler with project's scala-library version: 3.3.7
2026.04.22 19:06:26 INFO  no build target found for C:\Users\Utilizador\Desktop\Projetos\Projeto\Konane.scala. Using presentation compiler with project's scala-library version: 3.3.7
2026.04.22 19:06:27 INFO  no build target found for C:\Users\Utilizador\Desktop\Projetos\Projeto\Konane.scala. Using presentation compiler with project's scala-library version: 3.3.7
2026.04.22 19:06:27 INFO  no build target found for C:\Users\Utilizador\Desktop\Projetos\Projeto\Konane.scala. Using presentation compiler with project's scala-library version: 3.3.7
2026.04.22 19:06:27 INFO  no build target found for C:\Users\Utilizador\Desktop\Projetos\Projeto\Konane.scala. Using presentation compiler with project's scala-library version: 3.3.7
2026.04.22 19:06:27 INFO  no build target found for C:\Users\Utilizador\Desktop\Projetos\Projeto\Konane.scala. Using presentation compiler with project's scala-library version: 3.3.7
2026.04.22 19:06:37 INFO  no build target found for C:\Users\Utilizador\Desktop\Projetos\Projeto\Konane.scala. Using presentation compiler with project's scala-library version: 3.3.7
2026.04.22 19:06:37 INFO  no build target found for C:\Users\Utilizador\Desktop\Projetos\Projeto\Konane.scala. Using presentation compiler with project's scala-library version: 3.3.7
2026.04.22 19:06:39 INFO  no build target found for C:\Users\Utilizador\Desktop\Projetos\Projeto\Konane.scala. Using presentation compiler with project's scala-library version: 3.3.7
2026.04.22 19:06:39 INFO  no build target found for C:\Users\Utilizador\Desktop\Projetos\Projeto\Konane.scala. Using presentation compiler with project's scala-library version: 3.3.7
2026.04.22 19:06:40 INFO  no build target found for C:\Users\Utilizador\Desktop\Projetos\Projeto\Konane.scala. Using presentation compiler with project's scala-library version: 3.3.7
2026.04.22 19:06:40 INFO  no build target found for C:\Users\Utilizador\Desktop\Projetos\Projeto\Konane.scala. Using presentation compiler with project's scala-library version: 3.3.7
2026.04.22 19:06:40 INFO  no build target found for C:\Users\Utilizador\Desktop\Projetos\Projeto\Konane.scala. Using presentation compiler with project's scala-library version: 3.3.7
2026.04.22 19:06:40 INFO  no build target found for C:\Users\Utilizador\Desktop\Projetos\Projeto\Konane.scala. Using presentation compiler with project's scala-library version: 3.3.7
2026.04.22 19:06:42 INFO  no build target found for C:\Users\Utilizador\Desktop\Projetos\Projeto\Konane.scala. Using presentation compiler with project's scala-library version: 3.3.7
2026.04.22 19:06:47 INFO  no build target found for C:\Users\Utilizador\Desktop\Projetos\Projeto\Konane.scala. Using presentation compiler with project's scala-library version: 3.3.7
2026.04.22 19:06:47 INFO  no build target found for C:\Users\Utilizador\Desktop\Projetos\Projeto\Konane.scala. Using presentation compiler with project's scala-library version: 3.3.7
2026.04.22 19:06:47 INFO  no build target found for C:\Users\Utilizador\Desktop\Projetos\Projeto\Konane.scala. Using presentation compiler with project's scala-library version: 3.3.7
2026.04.22 19:06:47 INFO  no build target found for C:\Users\Utilizador\Desktop\Projetos\Projeto\Konane.scala. Using presentation compiler with project's scala-library version: 3.3.7
2026.04.22 19:06:51 INFO  no build target found for C:\Users\Utilizador\Desktop\Projetos\Projeto\Konane.scala. Using presentation compiler with project's scala-library version: 3.3.7
2026.04.22 19:06:51 INFO  no build target found for C:\Users\Utilizador\Desktop\Projetos\Projeto\Konane.scala. Using presentation compiler with project's scala-library version: 3.3.7
2026.04.22 19:06:52 INFO  no build target found for C:\Users\Utilizador\Desktop\Projetos\Projeto\Konane.scala. Using presentation compiler with project's scala-library version: 3.3.7
2026.04.22 19:06:52 INFO  no build target found for C:\Users\Utilizador\Desktop\Projetos\Projeto\Konane.scala. Using presentation compiler with project's scala-library version: 3.3.7
2026.04.22 19:06:52 INFO  no build target found for C:\Users\Utilizador\Desktop\Projetos\Projeto\Konane.scala. Using presentation compiler with project's scala-library version: 3.3.7
2026.04.22 19:06:52 INFO  no build target found for C:\Users\Utilizador\Desktop\Projetos\Projeto\Konane.scala. Using presentation compiler with project's scala-library version: 3.3.7
2026.04.22 19:06:52 INFO  no build target found for C:\Users\Utilizador\Desktop\Projetos\Projeto\Konane.scala. Using presentation compiler with project's scala-library version: 3.3.7
2026.04.22 19:06:53 INFO  no build target found for C:\Users\Utilizador\Desktop\Projetos\Projeto\Konane.scala. Using presentation compiler with project's scala-library version: 3.3.7
2026.04.22 19:06:53 INFO  no build target found for C:\Users\Utilizador\Desktop\Projetos\Projeto\Konane.scala. Using presentation compiler with project's scala-library version: 3.3.7
2026.04.22 19:06:53 INFO  no build target found for C:\Users\Utilizador\Desktop\Projetos\Projeto\Konane.scala. Using presentation compiler with project's scala-library version: 3.3.7
2026.04.22 19:06:53 INFO  no build target found for C:\Users\Utilizador\Desktop\Projetos\Projeto\Konane.scala. Using presentation compiler with project's scala-library version: 3.3.7
2026.04.22 19:06:53 INFO  no build target found for C:\Users\Utilizador\Desktop\Projetos\Projeto\Konane.scala. Using presentation compiler with project's scala-library version: 3.3.7
2026.04.22 19:06:53 INFO  no build target found for C:\Users\Utilizador\Desktop\Projetos\Projeto\Konane.scala. Using presentation compiler with project's scala-library version: 3.3.7
2026.04.22 19:06:55 INFO  no build target found for C:\Users\Utilizador\Desktop\Projetos\Projeto\Konane.scala. Using presentation compiler with project's scala-library version: 3.3.7
2026.04.22 19:06:55 INFO  no build target found for C:\Users\Utilizador\Desktop\Projetos\Projeto\Konane.scala. Using presentation compiler with project's scala-library version: 3.3.7
2026.04.22 19:06:55 INFO  no build target found for C:\Users\Utilizador\Desktop\Projetos\Projeto\Konane.scala. Using presentation compiler with project's scala-library version: 3.3.7
2026.04.22 19:06:55 INFO  no build target found for C:\Users\Utilizador\Desktop\Projetos\Projeto\Konane.scala. Using presentation compiler with project's scala-library version: 3.3.7
2026.04.22 19:06:56 INFO  no build target found for C:\Users\Utilizador\Desktop\Projetos\Projeto\Konane.scala. Using presentation compiler with project's scala-library version: 3.3.7
2026.04.22 19:06:57 INFO  no build target found for C:\Users\Utilizador\Desktop\Projetos\Projeto\Konane.scala. Using presentation compiler with project's scala-library version: 3.3.7
2026.04.22 19:06:58 INFO  no build target found for C:\Users\Utilizador\Desktop\Projetos\Projeto\Konane.scala. Using presentation compiler with project's scala-library version: 3.3.7
2026.04.22 19:06:58 INFO  no build target found for C:\Users\Utilizador\Desktop\Projetos\Projeto\Konane.scala. Using presentation compiler with project's scala-library version: 3.3.7
2026.04.22 19:07:00 INFO  no build target found for C:\Users\Utilizador\Desktop\Projetos\Projeto\Konane.scala. Using presentation compiler with project's scala-library version: 3.3.7
2026.04.22 19:07:00 INFO  no build target found for C:\Users\Utilizador\Desktop\Projetos\Projeto\Konane.scala. Using presentation compiler with project's scala-library version: 3.3.7
2026.04.22 19:07:01 INFO  no build target found for C:\Users\Utilizador\Desktop\Projetos\Projeto\Konane.scala. Using presentation compiler with project's scala-library version: 3.3.7
2026.04.22 19:07:02 INFO  no build target found for C:\Users\Utilizador\Desktop\Projetos\Projeto\Konane.scala. Using presentation compiler with project's scala-library version: 3.3.7
2026.04.22 19:07:03 INFO  no build target found for C:\Users\Utilizador\Desktop\Projetos\Projeto\Konane.scala. Using presentation compiler with project's scala-library version: 3.3.7
2026.04.22 19:07:02 INFO  no build target found for C:\Users\Utilizador\Desktop\Projetos\Projeto\Konane.scala. Using presentation compiler with project's scala-library version: 3.3.7
2026.04.22 19:07:02 INFO  no build target found for C:\Users\Utilizador\Desktop\Projetos\Projeto\Konane.scala. Using presentation compiler with project's scala-library version: 3.3.7
2026.04.22 19:08:36 INFO  no build target found for C:\Users\Utilizador\Desktop\Projetos\Projeto\Konane.scala. Using presentation compiler with project's scala-library version: 3.3.7
2026.04.22 19:08:36 INFO  no build target found for C:\Users\Utilizador\Desktop\Projetos\Projeto\Konane.scala. Using presentation compiler with project's scala-library version: 3.3.7
2026.04.22 19:08:36 INFO  no build target found for C:\Users\Utilizador\Desktop\Projetos\Projeto\Konane.scala. Using presentation compiler with project's scala-library version: 3.3.7
2026.04.22 19:08:36 INFO  no build target found for C:\Users\Utilizador\Desktop\Projetos\Projeto\Konane.scala. Using presentation compiler with project's scala-library version: 3.3.7
2026.04.22 19:08:38 INFO  no build target found for C:\Users\Utilizador\Desktop\Projetos\Projeto\Konane.scala. Using presentation compiler with project's scala-library version: 3.3.7
2026.04.22 19:08:38 INFO  no build target found for C:\Users\Utilizador\Desktop\Projetos\Projeto\Konane.scala. Using presentation compiler with project's scala-library version: 3.3.7
2026.04.22 19:08:38 INFO  no build target found for C:\Users\Utilizador\Desktop\Projetos\Projeto\Konane.scala. Using presentation compiler with project's scala-library version: 3.3.7
2026.04.22 19:08:40 INFO  no build target found for C:\Users\Utilizador\Desktop\Projetos\Projeto\Konane.scala. Using presentation compiler with project's scala-library version: 3.3.7
2026.04.22 19:08:40 INFO  no build target found for C:\Users\Utilizador\Desktop\Projetos\Projeto\Konane.scala. Using presentation compiler with project's scala-library version: 3.3.7
2026.04.22 19:08:40 INFO  no build target found for C:\Users\Utilizador\Desktop\Projetos\Projeto\Konane.scala. Using presentation compiler with project's scala-library version: 3.3.7
2026.04.22 19:08:48 INFO  no build target found for C:\Users\Utilizador\Desktop\Projetos\Projeto\Konane.scala. Using presentation compiler with project's scala-library version: 3.3.7
2026.04.22 19:08:48 INFO  no build target found for C:\Users\Utilizador\Desktop\Projetos\Projeto\Konane.scala. Using presentation compiler with project's scala-library version: 3.3.7
2026.04.22 19:08:50 INFO  no build target found for C:\Users\Utilizador\Desktop\Projetos\Projeto\Konane.scala. Using presentation compiler with project's scala-library version: 3.3.7
2026.04.22 19:09:02 INFO  no build target found for C:\Users\Utilizador\Desktop\Projetos\Projeto\Konane.scala. Using presentation compiler with project's scala-library version: 3.3.7
2026.04.22 19:09:18 INFO  no build target found for C:\Users\Utilizador\Desktop\Projetos\Projeto\Konane.scala. Using presentation compiler with project's scala-library version: 3.3.7
2026.04.22 19:09:20 INFO  no build target found for C:\Users\Utilizador\Desktop\Projetos\Projeto\Konane.scala. Using presentation compiler with project's scala-library version: 3.3.7
2026.04.22 19:09:20 INFO  no build target found for C:\Users\Utilizador\Desktop\Projetos\Projeto\Konane.scala. Using presentation compiler with project's scala-library version: 3.3.7
2026.04.22 19:09:25 INFO  no build target found for C:\Users\Utilizador\Desktop\Projetos\Projeto\Konane.scala. Using presentation compiler with project's scala-library version: 3.3.7
2026.04.22 19:09:25 INFO  no build target found for C:\Users\Utilizador\Desktop\Projetos\Projeto\Konane.scala. Using presentation compiler with project's scala-library version: 3.3.7
2026.04.22 19:09:29 INFO  no build target found for C:\Users\Utilizador\Desktop\Projetos\Projeto\Konane.scala. Using presentation compiler with project's scala-library version: 3.3.7
2026.04.22 19:10:00 INFO  no build target found for C:\Users\Utilizador\Desktop\Projetos\Projeto\Konane.scala. Using presentation compiler with project's scala-library version: 3.3.7
2026.04.22 19:10:00 INFO  no build target found for C:\Users\Utilizador\Desktop\Projetos\Projeto\Konane.scala. Using presentation compiler with project's scala-library version: 3.3.7
2026.04.22 19:10:00 INFO  no build target found for C:\Users\Utilizador\Desktop\Projetos\Projeto\Konane.scala. Using presentation compiler with project's scala-library version: 3.3.7
2026.04.22 19:10:00 INFO  no build target found for C:\Users\Utilizador\Desktop\Projetos\Projeto\Konane.scala. Using presentation compiler with project's scala-library version: 3.3.7
2026.04.22 19:10:01 INFO  no build target found for C:\Users\Utilizador\Desktop\Projetos\Projeto\Konane.scala. Using presentation compiler with project's scala-library version: 3.3.7
2026.04.22 19:10:01 INFO  no build target found for C:\Users\Utilizador\Desktop\Projetos\Projeto\Konane.scala. Using presentation compiler with project's scala-library version: 3.3.7
2026.04.22 19:10:01 INFO  no build target found for C:\Users\Utilizador\Desktop\Projetos\Projeto\Konane.scala. Using presentation compiler with project's scala-library version: 3.3.7
2026.04.22 19:10:01 INFO  no build target found for C:\Users\Utilizador\Desktop\Projetos\Projeto\Konane.scala. Using presentation compiler with project's scala-library version: 3.3.7
2026.04.22 19:10:01 INFO  no build target found for C:\Users\Utilizador\Desktop\Projetos\Projeto\Konane.scala. Using presentation compiler with project's scala-library version: 3.3.7
2026.04.22 19:10:02 INFO  no build target found for C:\Users\Utilizador\Desktop\Projetos\Projeto\Konane.scala. Using presentation compiler with project's scala-library version: 3.3.7
2026.04.22 19:10:02 INFO  no build target found for C:\Users\Utilizador\Desktop\Projetos\Projeto\Konane.scala. Using presentation compiler with project's scala-library version: 3.3.7
2026.04.22 19:10:02 INFO  no build target found for C:\Users\Utilizador\Desktop\Projetos\Projeto\Konane.scala. Using presentation compiler with project's scala-library version: 3.3.7
2026.04.22 19:10:03 INFO  no build target found for C:\Users\Utilizador\Desktop\Projetos\Projeto\Konane.scala. Using presentation compiler with project's scala-library version: 3.3.7
2026.04.22 19:10:03 INFO  no build target found for C:\Users\Utilizador\Desktop\Projetos\Projeto\Konane.scala. Using presentation compiler with project's scala-library version: 3.3.7
2026.04.22 19:10:03 INFO  no build target found for C:\Users\Utilizador\Desktop\Projetos\Projeto\Konane.scala. Using presentation compiler with project's scala-library version: 3.3.7
2026.04.22 19:10:03 INFO  no build target found for C:\Users\Utilizador\Desktop\Projetos\Projeto\Konane.scala. Using presentation compiler with project's scala-library version: 3.3.7
2026.04.22 19:10:03 INFO  no build target found for C:\Users\Utilizador\Desktop\Projetos\Projeto\Konane.scala. Using presentation compiler with project's scala-library version: 3.3.7
2026.04.22 19:10:04 INFO  no build target found for C:\Users\Utilizador\Desktop\Projetos\Projeto\Konane.scala. Using presentation compiler with project's scala-library version: 3.3.7
2026.04.22 19:10:04 INFO  no build target found for C:\Users\Utilizador\Desktop\Projetos\Projeto\Konane.scala. Using presentation compiler with project's scala-library version: 3.3.7
2026.04.22 19:10:09 INFO  no build target found for C:\Users\Utilizador\Desktop\Projetos\Projeto\Konane.scala. Using presentation compiler with project's scala-library version: 3.3.7
2026.04.22 19:10:11 INFO  no build target found for C:\Users\Utilizador\Desktop\Projetos\Projeto\Konane.scala. Using presentation compiler with project's scala-library version: 3.3.7
2026.04.22 19:10:11 INFO  no build target found for C:\Users\Utilizador\Desktop\Projetos\Projeto\Konane.scala. Using presentation compiler with project's scala-library version: 3.3.7
2026.04.22 19:10:27 INFO  no build target found for C:\Users\Utilizador\Desktop\Projetos\Projeto\Konane.scala. Using presentation compiler with project's scala-library version: 3.3.7
2026.04.22 19:10:27 INFO  no build target found for C:\Users\Utilizador\Desktop\Projetos\Projeto\Konane.scala. Using presentation compiler with project's scala-library version: 3.3.7
2026.04.22 19:10:27 INFO  no build target found for C:\Users\Utilizador\Desktop\Projetos\Projeto\Konane.scala. Using presentation compiler with project's scala-library version: 3.3.7
2026.04.22 19:10:31 INFO  no build target found for C:\Users\Utilizador\Desktop\Projetos\Projeto\Konane.scala. Using presentation compiler with project's scala-library version: 3.3.7
2026.04.22 19:10:31 INFO  no build target found for C:\Users\Utilizador\Desktop\Projetos\Projeto\Konane.scala. Using presentation compiler with project's scala-library version: 3.3.7
2026.04.22 19:10:31 INFO  no build target found for C:\Users\Utilizador\Desktop\Projetos\Projeto\Konane.scala. Using presentation compiler with project's scala-library version: 3.3.7
2026.04.22 19:10:31 INFO  no build target found for C:\Users\Utilizador\Desktop\Projetos\Projeto\Konane.scala. Using presentation compiler with project's scala-library version: 3.3.7
2026.04.22 19:10:32 INFO  no build target found for C:\Users\Utilizador\Desktop\Projetos\Projeto\Konane.scala. Using presentation compiler with project's scala-library version: 3.3.7
2026.04.22 19:10:32 INFO  no build target found for C:\Users\Utilizador\Desktop\Projetos\Projeto\Konane.scala. Using presentation compiler with project's scala-library version: 3.3.7
2026.04.22 19:10:32 INFO  no build target found for C:\Users\Utilizador\Desktop\Projetos\Projeto\Konane.scala. Using presentation compiler with project's scala-library version: 3.3.7
2026.04.22 19:10:32 INFO  no build target found for C:\Users\Utilizador\Desktop\Projetos\Projeto\Konane.scala. Using presentation compiler with project's scala-library version: 3.3.7
2026.04.22 19:10:34 INFO  no build target found for C:\Users\Utilizador\Desktop\Projetos\Projeto\Konane.scala. Using presentation compiler with project's scala-library version: 3.3.7
2026.04.22 19:10:34 INFO  no build target found for C:\Users\Utilizador\Desktop\Projetos\Projeto\Konane.scala. Using presentation compiler with project's scala-library version: 3.3.7
2026.04.22 19:10:34 INFO  no build target found for C:\Users\Utilizador\Desktop\Projetos\Projeto\Konane.scala. Using presentation compiler with project's scala-library version: 3.3.7
2026.04.22 19:10:34 INFO  no build target found for C:\Users\Utilizador\Desktop\Projetos\Projeto\Konane.scala. Using presentation compiler with project's scala-library version: 3.3.7
2026.04.22 19:10:34 INFO  no build target found for C:\Users\Utilizador\Desktop\Projetos\Projeto\Konane.scala. Using presentation compiler with project's scala-library version: 3.3.7
2026.04.22 19:10:41 INFO  no build target found for C:\Users\Utilizador\Desktop\Projetos\Projeto\Konane.scala. Using presentation compiler with project's scala-library version: 3.3.7
2026.04.22 19:10:41 INFO  no build target found for C:\Users\Utilizador\Desktop\Projetos\Projeto\Konane.scala. Using presentation compiler with project's scala-library version: 3.3.7
2026.04.22 19:10:42 INFO  no build target found for C:\Users\Utilizador\Desktop\Projetos\Projeto\Konane.scala. Using presentation compiler with project's scala-library version: 3.3.7
2026.04.22 19:10:42 INFO  no build target found for C:\Users\Utilizador\Desktop\Projetos\Projeto\Konane.scala. Using presentation compiler with project's scala-library version: 3.3.7
2026.04.22 19:10:42 INFO  no build target found for C:\Users\Utilizador\Desktop\Projetos\Projeto\Konane.scala. Using presentation compiler with project's scala-library version: 3.3.7
2026.04.22 19:10:42 INFO  no build target found for C:\Users\Utilizador\Desktop\Projetos\Projeto\Konane.scala. Using presentation compiler with project's scala-library version: 3.3.7
2026.04.22 19:10:46 INFO  no build target found for C:\Users\Utilizador\Desktop\Projetos\Projeto\Konane.scala. Using presentation compiler with project's scala-library version: 3.3.7
2026.04.22 19:10:46 INFO  no build target found for C:\Users\Utilizador\Desktop\Projetos\Projeto\Konane.scala. Using presentation compiler with project's scala-library version: 3.3.7
2026.04.22 19:10:46 INFO  no build target found for C:\Users\Utilizador\Desktop\Projetos\Projeto\Konane.scala. Using presentation compiler with project's scala-library version: 3.3.7
2026.04.22 19:10:48 INFO  no build target found for C:\Users\Utilizador\Desktop\Projetos\Projeto\Konane.scala. Using presentation compiler with project's scala-library version: 3.3.7
2026.04.22 19:10:48 INFO  no build target found for C:\Users\Utilizador\Desktop\Projetos\Projeto\Konane.scala. Using presentation compiler with project's scala-library version: 3.3.7
2026.04.22 19:10:49 INFO  no build target found for C:\Users\Utilizador\Desktop\Projetos\Projeto\Konane.scala. Using presentation compiler with project's scala-library version: 3.3.7
2026.04.22 19:10:49 INFO  no build target found for C:\Users\Utilizador\Desktop\Projetos\Projeto\Konane.scala. Using presentation compiler with project's scala-library version: 3.3.7
2026.04.22 19:10:50 INFO  no build target found for C:\Users\Utilizador\Desktop\Projetos\Projeto\Konane.scala. Using presentation compiler with project's scala-library version: 3.3.7
2026.04.22 19:10:52 INFO  no build target found for C:\Users\Utilizador\Desktop\Projetos\Projeto\Konane.scala. Using presentation compiler with project's scala-library version: 3.3.7
2026.04.22 19:10:52 INFO  no build target found for C:\Users\Utilizador\Desktop\Projetos\Projeto\Konane.scala. Using presentation compiler with project's scala-library version: 3.3.7
2026.04.22 19:10:53 INFO  no build target found for C:\Users\Utilizador\Desktop\Projetos\Projeto\Konane.scala. Using presentation compiler with project's scala-library version: 3.3.7
2026.04.22 19:10:53 INFO  no build target found for C:\Users\Utilizador\Desktop\Projetos\Projeto\Konane.scala. Using presentation compiler with project's scala-library version: 3.3.7
2026.04.22 19:10:53 INFO  no build target found for C:\Users\Utilizador\Desktop\Projetos\Projeto\Konane.scala. Using presentation compiler with project's scala-library version: 3.3.7
2026.04.22 19:10:54 INFO  no build target found for C:\Users\Utilizador\Desktop\Projetos\Projeto\Konane.scala. Using presentation compiler with project's scala-library version: 3.3.7
2026.04.22 19:10:54 INFO  no build target found for C:\Users\Utilizador\Desktop\Projetos\Projeto\Konane.scala. Using presentation compiler with project's scala-library version: 3.3.7
2026.04.22 19:10:54 INFO  no build target found for C:\Users\Utilizador\Desktop\Projetos\Projeto\Konane.scala. Using presentation compiler with project's scala-library version: 3.3.7
2026.04.22 19:10:57 INFO  no build target found for C:\Users\Utilizador\Desktop\Projetos\Projeto\Konane.scala. Using presentation compiler with project's scala-library version: 3.3.7
2026.04.22 19:10:57 INFO  no build target found for C:\Users\Utilizador\Desktop\Projetos\Projeto\Konane.scala. Using presentation compiler with project's scala-library version: 3.3.7
2026.04.22 19:10:58 INFO  no build target found for C:\Users\Utilizador\Desktop\Projetos\Projeto\Konane.scala. Using presentation compiler with project's scala-library version: 3.3.7
2026.04.22 19:10:58 INFO  no build target found for C:\Users\Utilizador\Desktop\Projetos\Projeto\Konane.scala. Using presentation compiler with project's scala-library version: 3.3.7
2026.04.22 19:10:58 INFO  no build target found for C:\Users\Utilizador\Desktop\Projetos\Projeto\Konane.scala. Using presentation compiler with project's scala-library version: 3.3.7
2026.04.22 19:10:58 INFO  no build target found for C:\Users\Utilizador\Desktop\Projetos\Projeto\Konane.scala. Using presentation compiler with project's scala-library version: 3.3.7
2026.04.22 19:10:59 INFO  no build target found for C:\Users\Utilizador\Desktop\Projetos\Projeto\Konane.scala. Using presentation compiler with project's scala-library version: 3.3.7
2026.04.22 19:10:59 INFO  no build target found for C:\Users\Utilizador\Desktop\Projetos\Projeto\Konane.scala. Using presentation compiler with project's scala-library version: 3.3.7
2026.04.22 19:10:59 INFO  no build target found for C:\Users\Utilizador\Desktop\Projetos\Projeto\Konane.scala. Using presentation compiler with project's scala-library version: 3.3.7
2026.04.22 19:10:59 INFO  no build target found for C:\Users\Utilizador\Desktop\Projetos\Projeto\Konane.scala. Using presentation compiler with project's scala-library version: 3.3.7
2026.04.22 19:10:59 INFO  no build target found for C:\Users\Utilizador\Desktop\Projetos\Projeto\Konane.scala. Using presentation compiler with project's scala-library version: 3.3.7
2026.04.22 19:11:01 INFO  no build target found for C:\Users\Utilizador\Desktop\Projetos\Projeto\Konane.scala. Using presentation compiler with project's scala-library version: 3.3.7
2026.04.22 19:11:01 INFO  no build target found for C:\Users\Utilizador\Desktop\Projetos\Projeto\Konane.scala. Using presentation compiler with project's scala-library version: 3.3.7
2026.04.22 19:11:01 INFO  no build target found for C:\Users\Utilizador\Desktop\Projetos\Projeto\Konane.scala. Using presentation compiler with project's scala-library version: 3.3.7
2026.04.22 19:11:01 INFO  no build target found for C:\Users\Utilizador\Desktop\Projetos\Projeto\Konane.scala. Using presentation compiler with project's scala-library version: 3.3.7
2026.04.22 19:11:01 INFO  no build target found for C:\Users\Utilizador\Desktop\Projetos\Projeto\Konane.scala. Using presentation compiler with project's scala-library version: 3.3.7
2026.04.22 19:11:07 INFO  no build target found for C:\Users\Utilizador\Desktop\Projetos\Projeto\Konane.scala. Using presentation compiler with project's scala-library version: 3.3.7
2026.04.22 19:11:07 INFO  no build target found for C:\Users\Utilizador\Desktop\Projetos\Projeto\Konane.scala. Using presentation compiler with project's scala-library version: 3.3.7
2026.04.22 19:11:07 INFO  no build target found for C:\Users\Utilizador\Desktop\Projetos\Projeto\Konane.scala. Using presentation compiler with project's scala-library version: 3.3.7
2026.04.22 19:11:07 INFO  no build target found for C:\Users\Utilizador\Desktop\Projetos\Projeto\Konane.scala. Using presentation compiler with project's scala-library version: 3.3.7
2026.04.22 19:11:07 INFO  no build target found for C:\Users\Utilizador\Desktop\Projetos\Projeto\Konane.scala. Using presentation compiler with project's scala-library version: 3.3.7
2026.04.22 19:11:07 INFO  no build target found for C:\Users\Utilizador\Desktop\Projetos\Projeto\Konane.scala. Using presentation compiler with project's scala-library version: 3.3.7
2026.04.22 19:11:08 INFO  no build target found for C:\Users\Utilizador\Desktop\Projetos\Projeto\Konane.scala. Using presentation compiler with project's scala-library version: 3.3.7
2026.04.22 19:11:08 INFO  no build target found for C:\Users\Utilizador\Desktop\Projetos\Projeto\Konane.scala. Using presentation compiler with project's scala-library version: 3.3.7
2026.04.22 19:11:10 INFO  no build target found for C:\Users\Utilizador\Desktop\Projetos\Projeto\Konane.scala. Using presentation compiler with project's scala-library version: 3.3.7
2026.04.22 19:11:12 INFO  no build target found for C:\Users\Utilizador\Desktop\Projetos\Projeto\Konane.scala. Using presentation compiler with project's scala-library version: 3.3.7
2026.04.22 19:11:12 INFO  no build target found for C:\Users\Utilizador\Desktop\Projetos\Projeto\Konane.scala. Using presentation compiler with project's scala-library version: 3.3.7
2026.04.22 19:11:12 INFO  no build target found for C:\Users\Utilizador\Desktop\Projetos\Projeto\Konane.scala. Using presentation compiler with project's scala-library version: 3.3.7
2026.04.22 19:11:13 INFO  no build target found for C:\Users\Utilizador\Desktop\Projetos\Projeto\Konane.scala. Using presentation compiler with project's scala-library version: 3.3.7
2026.04.22 19:11:13 INFO  no build target found for C:\Users\Utilizador\Desktop\Projetos\Projeto\Konane.scala. Using presentation compiler with project's scala-library version: 3.3.7
2026.04.22 19:11:13 INFO  no build target found for C:\Users\Utilizador\Desktop\Projetos\Projeto\Konane.scala. Using presentation compiler with project's scala-library version: 3.3.7
2026.04.22 19:11:13 INFO  no build target found for C:\Users\Utilizador\Desktop\Projetos\Projeto\Konane.scala. Using presentation compiler with project's scala-library version: 3.3.7
2026.04.22 19:11:13 INFO  no build target found for C:\Users\Utilizador\Desktop\Projetos\Projeto\Konane.scala. Using presentation compiler with project's scala-library version: 3.3.7
2026.04.22 19:11:14 INFO  no build target found for C:\Users\Utilizador\Desktop\Projetos\Projeto\Konane.scala. Using presentation compiler with project's scala-library version: 3.3.7
2026.04.22 19:11:14 INFO  no build target found for C:\Users\Utilizador\Desktop\Projetos\Projeto\Konane.scala. Using presentation compiler with project's scala-library version: 3.3.7
2026.04.22 19:11:14 INFO  no build target found for C:\Users\Utilizador\Desktop\Projetos\Projeto\Konane.scala. Using presentation compiler with project's scala-library version: 3.3.7
2026.04.22 19:11:14 INFO  no build target found for C:\Users\Utilizador\Desktop\Projetos\Projeto\Konane.scala. Using presentation compiler with project's scala-library version: 3.3.7
2026.04.22 19:11:15 INFO  no build target found for C:\Users\Utilizador\Desktop\Projetos\Projeto\Konane.scala. Using presentation compiler with project's scala-library version: 3.3.7
2026.04.22 19:11:15 INFO  no build target found for C:\Users\Utilizador\Desktop\Projetos\Projeto\Konane.scala. Using presentation compiler with project's scala-library version: 3.3.7
2026.04.22 19:11:15 INFO  no build target found for C:\Users\Utilizador\Desktop\Projetos\Projeto\Konane.scala. Using presentation compiler with project's scala-library version: 3.3.7
2026.04.22 19:11:15 INFO  no build target found for C:\Users\Utilizador\Desktop\Projetos\Projeto\Konane.scala. Using presentation compiler with project's scala-library version: 3.3.7
2026.04.22 19:11:15 INFO  no build target found for C:\Users\Utilizador\Desktop\Projetos\Projeto\Konane.scala. Using presentation compiler with project's scala-library version: 3.3.7
2026.04.22 19:11:17 INFO  no build target found for C:\Users\Utilizador\Desktop\Projetos\Projeto\Konane.scala. Using presentation compiler with project's scala-library version: 3.3.7
2026.04.22 19:11:17 INFO  no build target found for C:\Users\Utilizador\Desktop\Projetos\Projeto\Konane.scala. Using presentation compiler with project's scala-library version: 3.3.7
2026.04.22 19:11:18 INFO  no build target found for C:\Users\Utilizador\Desktop\Projetos\Projeto\Konane.scala. Using presentation compiler with project's scala-library version: 3.3.7
2026.04.22 19:11:33 INFO  no build target found for C:\Users\Utilizador\Desktop\Projetos\Projeto\Konane.scala. Using presentation compiler with project's scala-library version: 3.3.7
2026.04.22 19:11:33 INFO  no build target found for C:\Users\Utilizador\Desktop\Projetos\Projeto\Konane.scala. Using presentation compiler with project's scala-library version: 3.3.7
2026.04.22 19:11:35 INFO  no build target found for C:\Users\Utilizador\Desktop\Projetos\Projeto\Konane.scala. Using presentation compiler with project's scala-library version: 3.3.7
2026.04.22 19:11:35 INFO  no build target found for C:\Users\Utilizador\Desktop\Projetos\Projeto\Konane.scala. Using presentation compiler with project's scala-library version: 3.3.7
2026.04.22 19:11:37 INFO  no build target found for C:\Users\Utilizador\Desktop\Projetos\Projeto\Konane.scala. Using presentation compiler with project's scala-library version: 3.3.7
2026.04.22 19:11:37 INFO  no build target found for C:\Users\Utilizador\Desktop\Projetos\Projeto\Konane.scala. Using presentation compiler with project's scala-library version: 3.3.7
2026.04.22 19:11:38 INFO  no build target found for C:\Users\Utilizador\Desktop\Projetos\Projeto\Konane.scala. Using presentation compiler with project's scala-library version: 3.3.7
2026.04.22 19:12:07 INFO  no build target found for C:\Users\Utilizador\Desktop\Projetos\Projeto\Konane.scala. Using presentation compiler with project's scala-library version: 3.3.7
2026.04.22 19:12:07 INFO  no build target found for C:\Users\Utilizador\Desktop\Projetos\Projeto\Konane.scala. Using presentation compiler with project's scala-library version: 3.3.7
2026.04.22 19:12:07 INFO  no build target found for C:\Users\Utilizador\Desktop\Projetos\Projeto\Konane.scala. Using presentation compiler with project's scala-library version: 3.3.7
2026.04.22 19:12:09 INFO  no build target found for C:\Users\Utilizador\Desktop\Projetos\Projeto\Konane.scala. Using presentation compiler with project's scala-library version: 3.3.7
2026.04.22 19:12:09 INFO  no build target found for C:\Users\Utilizador\Desktop\Projetos\Projeto\Konane.scala. Using presentation compiler with project's scala-library version: 3.3.7
2026.04.22 19:12:10 INFO  no build target found for C:\Users\Utilizador\Desktop\Projetos\Projeto\Konane.scala. Using presentation compiler with project's scala-library version: 3.3.7
2026.04.22 19:12:10 INFO  no build target found for C:\Users\Utilizador\Desktop\Projetos\Projeto\Konane.scala. Using presentation compiler with project's scala-library version: 3.3.7
2026.04.22 19:12:09 INFO  no build target found for C:\Users\Utilizador\Desktop\Projetos\Projeto\Konane.scala. Using presentation compiler with project's scala-library version: 3.3.7
2026.04.22 19:12:10 INFO  no build target found for C:\Users\Utilizador\Desktop\Projetos\Projeto\Konane.scala. Using presentation compiler with project's scala-library version: 3.3.7
2026.04.22 19:12:10 INFO  no build target found for C:\Users\Utilizador\Desktop\Projetos\Projeto\Konane.scala. Using presentation compiler with project's scala-library version: 3.3.7
2026.04.22 19:12:10 INFO  no build target found for C:\Users\Utilizador\Desktop\Projetos\Projeto\Konane.scala. Using presentation compiler with project's scala-library version: 3.3.7
2026.04.22 19:12:11 WARN  no build target for: C:\Users\Utilizador\Desktop\Projetos\Projeto\Konane.scala
2026.04.22 19:12:11 INFO  no build target found for C:\Users\Utilizador\Desktop\Projetos\Projeto\Konane.scala. Using presentation compiler with project's scala-library version: 3.3.7
2026.04.22 19:12:31 INFO  no build target found for C:\Users\Utilizador\Desktop\Projetos\Projeto\Konane.scala. Using presentation compiler with project's scala-library version: 3.3.7
2026.04.22 19:12:31 INFO  no build target found for C:\Users\Utilizador\Desktop\Projetos\Projeto\Konane.scala. Using presentation compiler with project's scala-library version: 3.3.7
2026.04.22 19:12:46 INFO  no build target found for C:\Users\Utilizador\Desktop\Projetos\Projeto\Konane.scala. Using presentation compiler with project's scala-library version: 3.3.7
2026.04.22 19:12:46 INFO  no build target found for C:\Users\Utilizador\Desktop\Projetos\Projeto\Konane.scala. Using presentation compiler with project's scala-library version: 3.3.7
2026.04.22 19:12:46 INFO  no build target found for C:\Users\Utilizador\Desktop\Projetos\Projeto\Konane.scala. Using presentation compiler with project's scala-library version: 3.3.7
2026.04.22 19:12:47 INFO  no build target found for C:\Users\Utilizador\Desktop\Projetos\Projeto\Konane.scala. Using presentation compiler with project's scala-library version: 3.3.7
2026.04.22 19:12:47 INFO  no build target found for C:\Users\Utilizador\Desktop\Projetos\Projeto\Konane.scala. Using presentation compiler with project's scala-library version: 3.3.7
2026.04.22 19:12:47 INFO  no build target found for C:\Users\Utilizador\Desktop\Projetos\Projeto\Konane.scala. Using presentation compiler with project's scala-library version: 3.3.7
2026.04.22 19:12:47 INFO  no build target found for C:\Users\Utilizador\Desktop\Projetos\Projeto\Konane.scala. Using presentation compiler with project's scala-library version: 3.3.7
2026.04.22 19:12:49 INFO  no build target found for C:\Users\Utilizador\Desktop\Projetos\Projeto\Konane.scala. Using presentation compiler with project's scala-library version: 3.3.7
2026.04.22 19:12:49 INFO  no build target found for C:\Users\Utilizador\Desktop\Projetos\Projeto\Konane.scala. Using presentation compiler with project's scala-library version: 3.3.7
2026.04.22 19:12:49 INFO  no build target found for C:\Users\Utilizador\Desktop\Projetos\Projeto\Konane.scala. Using presentation compiler with project's scala-library version: 3.3.7
2026.04.22 19:12:49 INFO  no build target found for C:\Users\Utilizador\Desktop\Projetos\Projeto\Konane.scala. Using presentation compiler with project's scala-library version: 3.3.7
2026.04.22 19:12:49 INFO  no build target found for C:\Users\Utilizador\Desktop\Projetos\Projeto\Konane.scala. Using presentation compiler with project's scala-library version: 3.3.7
2026.04.22 19:12:51 INFO  no build target found for C:\Users\Utilizador\Desktop\Projetos\Projeto\Konane.scala. Using presentation compiler with project's scala-library version: 3.3.7
2026.04.22 19:12:51 INFO  no build target found for C:\Users\Utilizador\Desktop\Projetos\Projeto\Konane.scala. Using presentation compiler with project's scala-library version: 3.3.7
2026.04.22 19:12:51 INFO  no build target found for C:\Users\Utilizador\Desktop\Projetos\Projeto\Konane.scala. Using presentation compiler with project's scala-library version: 3.3.7
2026.04.22 19:12:51 INFO  no build target found for C:\Users\Utilizador\Desktop\Projetos\Projeto\Konane.scala. Using presentation compiler with project's scala-library version: 3.3.7
2026.04.22 19:12:51 INFO  no build target found for C:\Users\Utilizador\Desktop\Projetos\Projeto\Konane.scala. Using presentation compiler with project's scala-library version: 3.3.7
2026.04.22 19:12:53 INFO  no build target found for C:\Users\Utilizador\Desktop\Projetos\Projeto\Konane.scala. Using presentation compiler with project's scala-library version: 3.3.7
2026.04.22 19:12:53 INFO  no build target found for C:\Users\Utilizador\Desktop\Projetos\Projeto\Konane.scala. Using presentation compiler with project's scala-library version: 3.3.7
2026.04.22 19:12:53 INFO  no build target found for C:\Users\Utilizador\Desktop\Projetos\Projeto\Konane.scala. Using presentation compiler with project's scala-library version: 3.3.7
2026.04.22 19:12:53 INFO  no build target found for C:\Users\Utilizador\Desktop\Projetos\Projeto\Konane.scala. Using presentation compiler with project's scala-library version: 3.3.7
2026.04.22 19:12:53 INFO  no build target found for C:\Users\Utilizador\Desktop\Projetos\Projeto\Konane.scala. Using presentation compiler with project's scala-library version: 3.3.7
2026.04.22 19:12:55 INFO  no build target found for C:\Users\Utilizador\Desktop\Projetos\Projeto\Konane.scala. Using presentation compiler with project's scala-library version: 3.3.7
2026.04.22 19:12:55 INFO  no build target found for C:\Users\Utilizador\Desktop\Projetos\Projeto\Konane.scala. Using presentation compiler with project's scala-library version: 3.3.7
2026.04.22 19:12:55 INFO  no build target found for C:\Users\Utilizador\Desktop\Projetos\Projeto\Konane.scala. Using presentation compiler with project's scala-library version: 3.3.7
2026.04.22 19:12:56 INFO  no build target found for C:\Users\Utilizador\Desktop\Projetos\Projeto\Konane.scala. Using presentation compiler with project's scala-library version: 3.3.7
2026.04.22 19:13:00 INFO  no build target found for C:\Users\Utilizador\Desktop\Projetos\Projeto\Konane.scala. Using presentation compiler with project's scala-library version: 3.3.7
2026.04.22 19:13:02 INFO  no build target found for C:\Users\Utilizador\Desktop\Projetos\Projeto\Konane.scala. Using presentation compiler with project's scala-library version: 3.3.7
2026.04.22 19:13:05 INFO  no build target found for C:\Users\Utilizador\Desktop\Projetos\Projeto\Konane.scala. Using presentation compiler with project's scala-library version: 3.3.7
2026.04.22 19:13:05 INFO  no build target found for C:\Users\Utilizador\Desktop\Projetos\Projeto\Konane.scala. Using presentation compiler with project's scala-library version: 3.3.7
2026.04.22 19:13:05 INFO  no build target found for C:\Users\Utilizador\Desktop\Projetos\Projeto\Konane.scala. Using presentation compiler with project's scala-library version: 3.3.7
2026.04.22 19:13:05 INFO  no build target found for C:\Users\Utilizador\Desktop\Projetos\Projeto\Konane.scala. Using presentation compiler with project's scala-library version: 3.3.7
2026.04.22 19:13:05 INFO  no build target found for C:\Users\Utilizador\Desktop\Projetos\Projeto\Konane.scala. Using presentation compiler with project's scala-library version: 3.3.7
2026.04.22 19:13:23 INFO  no build target found for C:\Users\Utilizador\Desktop\Projetos\Projeto\Konane.scala. Using presentation compiler with project's scala-library version: 3.3.7
2026.04.22 19:13:23 INFO  no build target found for C:\Users\Utilizador\Desktop\Projetos\Projeto\Konane.scala. Using presentation compiler with project's scala-library version: 3.3.7
2026.04.22 19:13:33 INFO  no build target found for C:\Users\Utilizador\Desktop\Projetos\Projeto\Konane.scala. Using presentation compiler with project's scala-library version: 3.3.7
2026.04.22 19:13:36 INFO  no build target found for C:\Users\Utilizador\Desktop\Projetos\Projeto\Konane.scala. Using presentation compiler with project's scala-library version: 3.3.7
2026.04.22 19:13:37 INFO  no build target found for C:\Users\Utilizador\Desktop\Projetos\Projeto\Konane.scala. Using presentation compiler with project's scala-library version: 3.3.7
2026.04.22 19:13:37 INFO  no build target found for C:\Users\Utilizador\Desktop\Projetos\Projeto\Konane.scala. Using presentation compiler with project's scala-library version: 3.3.7
2026.04.22 19:13:53 INFO  no build target found for C:\Users\Utilizador\Desktop\Projetos\Projeto\Konane.scala. Using presentation compiler with project's scala-library version: 3.3.7
2026.04.22 19:13:53 INFO  no build target found for C:\Users\Utilizador\Desktop\Projetos\Projeto\Konane.scala. Using presentation compiler with project's scala-library version: 3.3.7
2026.04.22 19:13:53 INFO  no build target found for C:\Users\Utilizador\Desktop\Projetos\Projeto\Konane.scala. Using presentation compiler with project's scala-library version: 3.3.7
2026.04.22 19:13:53 INFO  no build target found for C:\Users\Utilizador\Desktop\Projetos\Projeto\Konane.scala. Using presentation compiler with project's scala-library version: 3.3.7
2026.04.22 19:13:53 INFO  no build target found for C:\Users\Utilizador\Desktop\Projetos\Projeto\Konane.scala. Using presentation compiler with project's scala-library version: 3.3.7
2026.04.22 19:13:53 INFO  no build target found for C:\Users\Utilizador\Desktop\Projetos\Projeto\Konane.scala. Using presentation compiler with project's scala-library version: 3.3.7
2026.04.22 19:13:54 INFO  no build target found for C:\Users\Utilizador\Desktop\Projetos\Projeto\Konane.scala. Using presentation compiler with project's scala-library version: 3.3.7
2026.04.22 19:13:54 INFO  no build target found for C:\Users\Utilizador\Desktop\Projetos\Projeto\Konane.scala. Using presentation compiler with project's scala-library version: 3.3.7
2026.04.22 19:13:54 INFO  no build target found for C:\Users\Utilizador\Desktop\Projetos\Projeto\Konane.scala. Using presentation compiler with project's scala-library version: 3.3.7
2026.04.22 19:13:54 INFO  no build target found for C:\Users\Utilizador\Desktop\Projetos\Projeto\Konane.scala. Using presentation compiler with project's scala-library version: 3.3.7
2026.04.22 19:13:54 INFO  no build target found for C:\Users\Utilizador\Desktop\Projetos\Projeto\Konane.scala. Using presentation compiler with project's scala-library version: 3.3.7
2026.04.22 19:13:56 INFO  no build target found for C:\Users\Utilizador\Desktop\Projetos\Projeto\Konane.scala. Using presentation compiler with project's scala-library version: 3.3.7
2026.04.22 19:13:58 INFO  no build target found for C:\Users\Utilizador\Desktop\Projetos\Projeto\Konane.scala. Using presentation compiler with project's scala-library version: 3.3.7
2026.04.22 19:14:08 INFO  no build target found for C:\Users\Utilizador\Desktop\Projetos\Projeto\Konane.scala. Using presentation compiler with project's scala-library version: 3.3.7
2026.04.22 19:14:08 INFO  no build target found for C:\Users\Utilizador\Desktop\Projetos\Projeto\Konane.scala. Using presentation compiler with project's scala-library version: 3.3.7
2026.04.22 19:14:08 INFO  no build target found for C:\Users\Utilizador\Desktop\Projetos\Projeto\Konane.scala. Using presentation compiler with project's scala-library version: 3.3.7
2026.04.22 19:14:08 INFO  no build target found for C:\Users\Utilizador\Desktop\Projetos\Projeto\Konane.scala. Using presentation compiler with project's scala-library version: 3.3.7
2026.04.22 19:14:09 INFO  no build target found for C:\Users\Utilizador\Desktop\Projetos\Projeto\Konane.scala. Using presentation compiler with project's scala-library version: 3.3.7
2026.04.22 19:14:09 INFO  no build target found for C:\Users\Utilizador\Desktop\Projetos\Projeto\Konane.scala. Using presentation compiler with project's scala-library version: 3.3.7
2026.04.22 19:14:09 INFO  no build target found for C:\Users\Utilizador\Desktop\Projetos\Projeto\Konane.scala. Using presentation compiler with project's scala-library version: 3.3.7
2026.04.22 19:14:09 INFO  no build target found for C:\Users\Utilizador\Desktop\Projetos\Projeto\Konane.scala. Using presentation compiler with project's scala-library version: 3.3.7
2026.04.22 19:14:09 INFO  no build target found for C:\Users\Utilizador\Desktop\Projetos\Projeto\Konane.scala. Using presentation compiler with project's scala-library version: 3.3.7
2026.04.22 19:14:13 INFO  no build target found for C:\Users\Utilizador\Desktop\Projetos\Projeto\Konane.scala. Using presentation compiler with project's scala-library version: 3.3.7
2026.04.22 19:14:29 INFO  no build target found for C:\Users\Utilizador\Desktop\Projetos\Projeto\Konane.scala. Using presentation compiler with project's scala-library version: 3.3.7
2026.04.22 19:14:29 INFO  no build target found for C:\Users\Utilizador\Desktop\Projetos\Projeto\Konane.scala. Using presentation compiler with project's scala-library version: 3.3.7
2026.04.22 19:14:29 INFO  no build target found for C:\Users\Utilizador\Desktop\Projetos\Projeto\Konane.scala. Using presentation compiler with project's scala-library version: 3.3.7
2026.04.22 19:14:29 INFO  no build target found for C:\Users\Utilizador\Desktop\Projetos\Projeto\Konane.scala. Using presentation compiler with project's scala-library version: 3.3.7
2026.04.22 19:14:35 INFO  no build target found for C:\Users\Utilizador\Desktop\Projetos\Projeto\Konane.scala. Using presentation compiler with project's scala-library version: 3.3.7
2026.04.22 19:14:41 INFO  no build target found for C:\Users\Utilizador\Desktop\Projetos\Projeto\Konane.scala. Using presentation compiler with project's scala-library version: 3.3.7
2026.04.22 19:14:41 INFO  no build target found for C:\Users\Utilizador\Desktop\Projetos\Projeto\Konane.scala. Using presentation compiler with project's scala-library version: 3.3.7
2026.04.22 19:14:41 INFO  no build target found for C:\Users\Utilizador\Desktop\Projetos\Projeto\Konane.scala. Using presentation compiler with project's scala-library version: 3.3.7
2026.04.22 19:14:41 INFO  no build target found for C:\Users\Utilizador\Desktop\Projetos\Projeto\Konane.scala. Using presentation compiler with project's scala-library version: 3.3.7
2026.04.22 19:14:42 INFO  no build target found for C:\Users\Utilizador\Desktop\Projetos\Projeto\Konane.scala. Using presentation compiler with project's scala-library version: 3.3.7
2026.04.22 19:14:42 INFO  no build target found for C:\Users\Utilizador\Desktop\Projetos\Projeto\Konane.scala. Using presentation compiler with project's scala-library version: 3.3.7
2026.04.22 19:14:44 INFO  no build target found for C:\Users\Utilizador\Desktop\Projetos\Projeto\Konane.scala. Using presentation compiler with project's scala-library version: 3.3.7
2026.04.22 19:14:50 INFO  no build target found for C:\Users\Utilizador\Desktop\Projetos\Projeto\Konane.scala. Using presentation compiler with project's scala-library version: 3.3.7
2026.04.22 19:14:50 INFO  no build target found for C:\Users\Utilizador\Desktop\Projetos\Projeto\Konane.scala. Using presentation compiler with project's scala-library version: 3.3.7
2026.04.22 19:14:50 INFO  no build target found for C:\Users\Utilizador\Desktop\Projetos\Projeto\Konane.scala. Using presentation compiler with project's scala-library version: 3.3.7
2026.04.22 19:14:51 INFO  no build target found for C:\Users\Utilizador\Desktop\Projetos\Projeto\Konane.scala. Using presentation compiler with project's scala-library version: 3.3.7
2026.04.22 19:14:51 INFO  no build target found for C:\Users\Utilizador\Desktop\Projetos\Projeto\Konane.scala. Using presentation compiler with project's scala-library version: 3.3.7
2026.04.22 19:14:51 INFO  no build target found for C:\Users\Utilizador\Desktop\Projetos\Projeto\Konane.scala. Using presentation compiler with project's scala-library version: 3.3.7
2026.04.22 19:14:51 INFO  no build target found for C:\Users\Utilizador\Desktop\Projetos\Projeto\Konane.scala. Using presentation compiler with project's scala-library version: 3.3.7
2026.04.22 19:14:52 INFO  no build target found for C:\Users\Utilizador\Desktop\Projetos\Projeto\Konane.scala. Using presentation compiler with project's scala-library version: 3.3.7
2026.04.22 19:14:52 INFO  no build target found for C:\Users\Utilizador\Desktop\Projetos\Projeto\Konane.scala. Using presentation compiler with project's scala-library version: 3.3.7
2026.04.22 19:14:52 INFO  no build target found for C:\Users\Utilizador\Desktop\Projetos\Projeto\Konane.scala. Using presentation compiler with project's scala-library version: 3.3.7
2026.04.22 19:14:52 INFO  no build target found for C:\Users\Utilizador\Desktop\Projetos\Projeto\Konane.scala. Using presentation compiler with project's scala-library version: 3.3.7
2026.04.22 19:14:53 INFO  no build target found for C:\Users\Utilizador\Desktop\Projetos\Projeto\Konane.scala. Using presentation compiler with project's scala-library version: 3.3.7
2026.04.22 19:14:53 INFO  no build target found for C:\Users\Utilizador\Desktop\Projetos\Projeto\Konane.scala. Using presentation compiler with project's scala-library version: 3.3.7
2026.04.22 19:14:53 INFO  no build target found for C:\Users\Utilizador\Desktop\Projetos\Projeto\Konane.scala. Using presentation compiler with project's scala-library version: 3.3.7
2026.04.22 19:14:53 INFO  no build target found for C:\Users\Utilizador\Desktop\Projetos\Projeto\Konane.scala. Using presentation compiler with project's scala-library version: 3.3.7
2026.04.22 19:14:55 INFO  no build target found for C:\Users\Utilizador\Desktop\Projetos\Projeto\Konane.scala. Using presentation compiler with project's scala-library version: 3.3.7
2026.04.22 19:14:55 INFO  no build target found for C:\Users\Utilizador\Desktop\Projetos\Projeto\Konane.scala. Using presentation compiler with project's scala-library version: 3.3.7
2026.04.22 19:14:55 INFO  no build target found for C:\Users\Utilizador\Desktop\Projetos\Projeto\Konane.scala. Using presentation compiler with project's scala-library version: 3.3.7
2026.04.22 19:14:55 INFO  no build target found for C:\Users\Utilizador\Desktop\Projetos\Projeto\Konane.scala. Using presentation compiler with project's scala-library version: 3.3.7
2026.04.22 19:14:58 INFO  no build target found for C:\Users\Utilizador\Desktop\Projetos\Projeto\Konane.scala. Using presentation compiler with project's scala-library version: 3.3.7
2026.04.22 19:15:00 INFO  no build target found for C:\Users\Utilizador\Desktop\Projetos\Projeto\Konane.scala. Using presentation compiler with project's scala-library version: 3.3.7
2026.04.22 19:15:00 INFO  no build target found for C:\Users\Utilizador\Desktop\Projetos\Projeto\Konane.scala. Using presentation compiler with project's scala-library version: 3.3.7
2026.04.22 19:15:00 INFO  no build target found for C:\Users\Utilizador\Desktop\Projetos\Projeto\Konane.scala. Using presentation compiler with project's scala-library version: 3.3.7
2026.04.22 19:15:00 INFO  no build target found for C:\Users\Utilizador\Desktop\Projetos\Projeto\Konane.scala. Using presentation compiler with project's scala-library version: 3.3.7
2026.04.22 19:15:01 INFO  no build target found for C:\Users\Utilizador\Desktop\Projetos\Projeto\Konane.scala. Using presentation compiler with project's scala-library version: 3.3.7
2026.04.22 19:15:01 INFO  no build target found for C:\Users\Utilizador\Desktop\Projetos\Projeto\Konane.scala. Using presentation compiler with project's scala-library version: 3.3.7
2026.04.22 19:15:01 INFO  no build target found for C:\Users\Utilizador\Desktop\Projetos\Projeto\Konane.scala. Using presentation compiler with project's scala-library version: 3.3.7
2026.04.22 19:15:01 INFO  no build target found for C:\Users\Utilizador\Desktop\Projetos\Projeto\Konane.scala. Using presentation compiler with project's scala-library version: 3.3.7
2026.04.22 19:15:02 INFO  no build target found for C:\Users\Utilizador\Desktop\Projetos\Projeto\Konane.scala. Using presentation compiler with project's scala-library version: 3.3.7
2026.04.22 19:15:02 INFO  no build target found for C:\Users\Utilizador\Desktop\Projetos\Projeto\Konane.scala. Using presentation compiler with project's scala-library version: 3.3.7
2026.04.22 19:15:12 INFO  no build target found for C:\Users\Utilizador\Desktop\Projetos\Projeto\Konane.scala. Using presentation compiler with project's scala-library version: 3.3.7
2026.04.22 19:15:12 INFO  no build target found for C:\Users\Utilizador\Desktop\Projetos\Projeto\Konane.scala. Using presentation compiler with project's scala-library version: 3.3.7
2026.04.22 19:15:12 INFO  no build target found for C:\Users\Utilizador\Desktop\Projetos\Projeto\Konane.scala. Using presentation compiler with project's scala-library version: 3.3.7
2026.04.22 19:15:12 INFO  no build target found for C:\Users\Utilizador\Desktop\Projetos\Projeto\Konane.scala. Using presentation compiler with project's scala-library version: 3.3.7
2026.04.22 19:15:13 INFO  no build target found for C:\Users\Utilizador\Desktop\Projetos\Projeto\Konane.scala. Using presentation compiler with project's scala-library version: 3.3.7
2026.04.22 19:15:13 INFO  no build target found for C:\Users\Utilizador\Desktop\Projetos\Projeto\Konane.scala. Using presentation compiler with project's scala-library version: 3.3.7
2026.04.22 19:15:14 INFO  no build target found for C:\Users\Utilizador\Desktop\Projetos\Projeto\Konane.scala. Using presentation compiler with project's scala-library version: 3.3.7
2026.04.22 19:15:14 INFO  no build target found for C:\Users\Utilizador\Desktop\Projetos\Projeto\Konane.scala. Using presentation compiler with project's scala-library version: 3.3.7
2026.04.22 19:15:17 INFO  no build target found for C:\Users\Utilizador\Desktop\Projetos\Projeto\Konane.scala. Using presentation compiler with project's scala-library version: 3.3.7
2026.04.22 19:15:48 INFO  no build target found for C:\Users\Utilizador\Desktop\Projetos\Projeto\Konane.scala. Using presentation compiler with project's scala-library version: 3.3.7
2026.04.22 19:15:52 INFO  no build target found for C:\Users\Utilizador\Desktop\Projetos\Projeto\Konane.scala. Using presentation compiler with project's scala-library version: 3.3.7
2026.04.22 19:15:52 INFO  no build target found for C:\Users\Utilizador\Desktop\Projetos\Projeto\Konane.scala. Using presentation compiler with project's scala-library version: 3.3.7
2026.04.22 19:15:52 INFO  no build target found for C:\Users\Utilizador\Desktop\Projetos\Projeto\Konane.scala. Using presentation compiler with project's scala-library version: 3.3.7
2026.04.22 19:15:53 INFO  no build target found for C:\Users\Utilizador\Desktop\Projetos\Projeto\Konane.scala. Using presentation compiler with project's scala-library version: 3.3.7
2026.04.22 19:15:53 INFO  no build target found for C:\Users\Utilizador\Desktop\Projetos\Projeto\Konane.scala. Using presentation compiler with project's scala-library version: 3.3.7
2026.04.22 19:15:53 INFO  no build target found for C:\Users\Utilizador\Desktop\Projetos\Projeto\Konane.scala. Using presentation compiler with project's scala-library version: 3.3.7
2026.04.22 19:15:58 INFO  no build target found for C:\Users\Utilizador\Desktop\Projetos\Projeto\Konane.scala. Using presentation compiler with project's scala-library version: 3.3.7
2026.04.22 19:15:58 INFO  no build target found for C:\Users\Utilizador\Desktop\Projetos\Projeto\Konane.scala. Using presentation compiler with project's scala-library version: 3.3.7
2026.04.22 19:16:38 INFO  no build target found for C:\Users\Utilizador\Desktop\Projetos\Projeto\Konane.scala. Using presentation compiler with project's scala-library version: 3.3.7
2026.04.22 19:16:41 INFO  no build target found for C:\Users\Utilizador\Desktop\Projetos\Projeto\Konane.scala. Using presentation compiler with project's scala-library version: 3.3.7
2026.04.22 19:16:42 INFO  no build target found for C:\Users\Utilizador\Desktop\Projetos\Projeto\Konane.scala. Using presentation compiler with project's scala-library version: 3.3.7
2026.04.22 19:16:42 INFO  no build target found for C:\Users\Utilizador\Desktop\Projetos\Projeto\Konane.scala. Using presentation compiler with project's scala-library version: 3.3.7
2026.04.22 19:16:45 INFO  no build target found for C:\Users\Utilizador\Desktop\Projetos\Projeto\Konane.scala. Using presentation compiler with project's scala-library version: 3.3.7
2026.04.22 19:16:45 INFO  no build target found for C:\Users\Utilizador\Desktop\Projetos\Projeto\Konane.scala. Using presentation compiler with project's scala-library version: 3.3.7
2026.04.22 19:16:47 INFO  no build target found for C:\Users\Utilizador\Desktop\Projetos\Projeto\Konane.scala. Using presentation compiler with project's scala-library version: 3.3.7
2026.04.22 19:16:47 INFO  no build target found for C:\Users\Utilizador\Desktop\Projetos\Projeto\Konane.scala. Using presentation compiler with project's scala-library version: 3.3.7
2026.04.22 19:16:47 INFO  no build target found for C:\Users\Utilizador\Desktop\Projetos\Projeto\Konane.scala. Using presentation compiler with project's scala-library version: 3.3.7
2026.04.22 19:16:47 INFO  no build target found for C:\Users\Utilizador\Desktop\Projetos\Projeto\Konane.scala. Using presentation compiler with project's scala-library version: 3.3.7
2026.04.22 19:16:48 INFO  no build target found for C:\Users\Utilizador\Desktop\Projetos\Projeto\Konane.scala. Using presentation compiler with project's scala-library version: 3.3.7
2026.04.22 19:16:48 INFO  no build target found for C:\Users\Utilizador\Desktop\Projetos\Projeto\Konane.scala. Using presentation compiler with project's scala-library version: 3.3.7
2026.04.22 19:16:48 INFO  no build target found for C:\Users\Utilizador\Desktop\Projetos\Projeto\Konane.scala. Using presentation compiler with project's scala-library version: 3.3.7
2026.04.22 19:16:48 INFO  no build target found for C:\Users\Utilizador\Desktop\Projetos\Projeto\Konane.scala. Using presentation compiler with project's scala-library version: 3.3.7
2026.04.22 19:16:48 WARN  no build target for: C:\Users\Utilizador\Desktop\Projetos\Projeto\Konane.scala
2026.04.22 19:16:49 INFO  no build target found for C:\Users\Utilizador\Desktop\Projetos\Projeto\Konane.scala. Using presentation compiler with project's scala-library version: 3.3.7
2026.04.22 19:16:49 INFO  no build target found for C:\Users\Utilizador\Desktop\Projetos\Projeto\Konane.scala. Using presentation compiler with project's scala-library version: 3.3.7
2026.04.22 19:16:53 INFO  no build target found for C:\Users\Utilizador\Desktop\Projetos\Projeto\Konane.scala. Using presentation compiler with project's scala-library version: 3.3.7
2026.04.22 19:16:55 INFO  no build target found for C:\Users\Utilizador\Desktop\Projetos\Projeto\Konane.scala. Using presentation compiler with project's scala-library version: 3.3.7
2026.04.22 19:16:55 INFO  no build target found for C:\Users\Utilizador\Desktop\Projetos\Projeto\Konane.scala. Using presentation compiler with project's scala-library version: 3.3.7
2026.04.22 19:16:56 INFO  no build target found for C:\Users\Utilizador\Desktop\Projetos\Projeto\Konane.scala. Using presentation compiler with project's scala-library version: 3.3.7
2026.04.22 19:16:56 INFO  no build target found for C:\Users\Utilizador\Desktop\Projetos\Projeto\Konane.scala. Using presentation compiler with project's scala-library version: 3.3.7
2026.04.22 19:16:56 INFO  no build target found for C:\Users\Utilizador\Desktop\Projetos\Projeto\Konane.scala. Using presentation compiler with project's scala-library version: 3.3.7
2026.04.22 19:16:56 INFO  no build target found for C:\Users\Utilizador\Desktop\Projetos\Projeto\Konane.scala. Using presentation compiler with project's scala-library version: 3.3.7
2026.04.22 19:16:56 INFO  no build target found for C:\Users\Utilizador\Desktop\Projetos\Projeto\Konane.scala. Using presentation compiler with project's scala-library version: 3.3.7
2026.04.22 19:16:56 INFO  no build target found for C:\Users\Utilizador\Desktop\Projetos\Projeto\Konane.scala. Using presentation compiler with project's scala-library version: 3.3.7
2026.04.22 19:16:57 INFO  no build target found for C:\Users\Utilizador\Desktop\Projetos\Projeto\Konane.scala. Using presentation compiler with project's scala-library version: 3.3.7
2026.04.22 19:16:57 INFO  no build target found for C:\Users\Utilizador\Desktop\Projetos\Projeto\Konane.scala. Using presentation compiler with project's scala-library version: 3.3.7
2026.04.22 19:17:26 INFO  no build target found for C:\Users\Utilizador\Desktop\Projetos\Projeto\Konane.scala. Using presentation compiler with project's scala-library version: 3.3.7
2026.04.22 19:17:26 INFO  no build target found for C:\Users\Utilizador\Desktop\Projetos\Projeto\Konane.scala. Using presentation compiler with project's scala-library version: 3.3.7
2026.04.22 19:17:27 INFO  no build target found for C:\Users\Utilizador\Desktop\Projetos\Projeto\Konane.scala. Using presentation compiler with project's scala-library version: 3.3.7
2026.04.22 19:17:27 INFO  no build target found for C:\Users\Utilizador\Desktop\Projetos\Projeto\Konane.scala. Using presentation compiler with project's scala-library version: 3.3.7
2026.04.22 19:17:27 INFO  no build target found for C:\Users\Utilizador\Desktop\Projetos\Projeto\Konane.scala. Using presentation compiler with project's scala-library version: 3.3.7
2026.04.22 19:17:29 INFO  no build target found for C:\Users\Utilizador\Desktop\Projetos\Projeto\Konane.scala. Using presentation compiler with project's scala-library version: 3.3.7
2026.04.22 19:17:29 INFO  no build target found for C:\Users\Utilizador\Desktop\Projetos\Projeto\Konane.scala. Using presentation compiler with project's scala-library version: 3.3.7
2026.04.22 19:17:30 INFO  no build target found for C:\Users\Utilizador\Desktop\Projetos\Projeto\Konane.scala. Using presentation compiler with project's scala-library version: 3.3.7
2026.04.22 19:17:30 INFO  no build target found for C:\Users\Utilizador\Desktop\Projetos\Projeto\Konane.scala. Using presentation compiler with project's scala-library version: 3.3.7
2026.04.22 19:17:30 INFO  no build target found for C:\Users\Utilizador\Desktop\Projetos\Projeto\Konane.scala. Using presentation compiler with project's scala-library version: 3.3.7
2026.04.22 19:17:32 INFO  no build target found for C:\Users\Utilizador\Desktop\Projetos\Projeto\Konane.scala. Using presentation compiler with project's scala-library version: 3.3.7
2026.04.22 19:17:32 INFO  no build target found for C:\Users\Utilizador\Desktop\Projetos\Projeto\Konane.scala. Using presentation compiler with project's scala-library version: 3.3.7
2026.04.22 19:17:32 INFO  no build target found for C:\Users\Utilizador\Desktop\Projetos\Projeto\Konane.scala. Using presentation compiler with project's scala-library version: 3.3.7
2026.04.22 19:17:33 INFO  no build target found for C:\Users\Utilizador\Desktop\Projetos\Projeto\Konane.scala. Using presentation compiler with project's scala-library version: 3.3.7
2026.04.22 19:17:35 INFO  no build target found for C:\Users\Utilizador\Desktop\Projetos\Projeto\Konane.scala. Using presentation compiler with project's scala-library version: 3.3.7
2026.04.22 19:17:35 INFO  no build target found for C:\Users\Utilizador\Desktop\Projetos\Projeto\Konane.scala. Using presentation compiler with project's scala-library version: 3.3.7
2026.04.22 19:17:35 INFO  no build target found for C:\Users\Utilizador\Desktop\Projetos\Projeto\Konane.scala. Using presentation compiler with project's scala-library version: 3.3.7
2026.04.22 19:17:37 INFO  no build target found for C:\Users\Utilizador\Desktop\Projetos\Projeto\Konane.scala. Using presentation compiler with project's scala-library version: 3.3.7
2026.04.22 19:17:37 INFO  no build target found for C:\Users\Utilizador\Desktop\Projetos\Projeto\Konane.scala. Using presentation compiler with project's scala-library version: 3.3.7
2026.04.22 19:17:39 INFO  no build target found for C:\Users\Utilizador\Desktop\Projetos\Projeto\Konane.scala. Using presentation compiler with project's scala-library version: 3.3.7
2026.04.22 19:17:39 INFO  no build target found for C:\Users\Utilizador\Desktop\Projetos\Projeto\Konane.scala. Using presentation compiler with project's scala-library version: 3.3.7
2026.04.22 19:17:39 INFO  no build target found for C:\Users\Utilizador\Desktop\Projetos\Projeto\Konane.scala. Using presentation compiler with project's scala-library version: 3.3.7
2026.04.22 19:17:39 INFO  no build target found for C:\Users\Utilizador\Desktop\Projetos\Projeto\Konane.scala. Using presentation compiler with project's scala-library version: 3.3.7
2026.04.22 19:17:39 INFO  no build target found for C:\Users\Utilizador\Desktop\Projetos\Projeto\Konane.scala. Using presentation compiler with project's scala-library version: 3.3.7
2026.04.22 19:17:39 INFO  no build target found for C:\Users\Utilizador\Desktop\Projetos\Projeto\Konane.scala. Using presentation compiler with project's scala-library version: 3.3.7
2026.04.22 19:17:40 INFO  no build target found for C:\Users\Utilizador\Desktop\Projetos\Projeto\Konane.scala. Using presentation compiler with project's scala-library version: 3.3.7
2026.04.22 19:17:40 INFO  no build target found for C:\Users\Utilizador\Desktop\Projetos\Projeto\Konane.scala. Using presentation compiler with project's scala-library version: 3.3.7
2026.04.22 19:17:40 INFO  no build target found for C:\Users\Utilizador\Desktop\Projetos\Projeto\Konane.scala. Using presentation compiler with project's scala-library version: 3.3.7
2026.04.22 19:17:40 INFO  no build target found for C:\Users\Utilizador\Desktop\Projetos\Projeto\Konane.scala. Using presentation compiler with project's scala-library version: 3.3.7
2026.04.22 19:17:40 INFO  no build target found for C:\Users\Utilizador\Desktop\Projetos\Projeto\Konane.scala. Using presentation compiler with project's scala-library version: 3.3.7
2026.04.22 19:17:40 INFO  no build target found for C:\Users\Utilizador\Desktop\Projetos\Projeto\Konane.scala. Using presentation compiler with project's scala-library version: 3.3.7
2026.04.22 19:17:42 INFO  no build target found for C:\Users\Utilizador\Desktop\Projetos\Projeto\Konane.scala. Using presentation compiler with project's scala-library version: 3.3.7
2026.04.22 19:17:42 INFO  no build target found for C:\Users\Utilizador\Desktop\Projetos\Projeto\Konane.scala. Using presentation compiler with project's scala-library version: 3.3.7
2026.04.22 19:17:43 INFO  no build target found for C:\Users\Utilizador\Desktop\Projetos\Projeto\Konane.scala. Using presentation compiler with project's scala-library version: 3.3.7
2026.04.22 19:17:47 INFO  no build target found for C:\Users\Utilizador\Desktop\Projetos\Projeto\Konane.scala. Using presentation compiler with project's scala-library version: 3.3.7
2026.04.22 19:17:47 INFO  no build target found for C:\Users\Utilizador\Desktop\Projetos\Projeto\Konane.scala. Using presentation compiler with project's scala-library version: 3.3.7
2026.04.22 19:17:49 INFO  no build target found for C:\Users\Utilizador\Desktop\Projetos\Projeto\Konane.scala. Using presentation compiler with project's scala-library version: 3.3.7
2026.04.22 19:17:49 INFO  no build target found for C:\Users\Utilizador\Desktop\Projetos\Projeto\Konane.scala. Using presentation compiler with project's scala-library version: 3.3.7
2026.04.22 19:17:49 INFO  no build target found for C:\Users\Utilizador\Desktop\Projetos\Projeto\Konane.scala. Using presentation compiler with project's scala-library version: 3.3.7
2026.04.22 19:17:50 INFO  no build target found for C:\Users\Utilizador\Desktop\Projetos\Projeto\Konane.scala. Using presentation compiler with project's scala-library version: 3.3.7
2026.04.22 19:17:50 INFO  no build target found for C:\Users\Utilizador\Desktop\Projetos\Projeto\Konane.scala. Using presentation compiler with project's scala-library version: 3.3.7
2026.04.22 19:17:50 INFO  no build target found for C:\Users\Utilizador\Desktop\Projetos\Projeto\Konane.scala. Using presentation compiler with project's scala-library version: 3.3.7
2026.04.22 19:17:51 INFO  no build target found for C:\Users\Utilizador\Desktop\Projetos\Projeto\Konane.scala. Using presentation compiler with project's scala-library version: 3.3.7
2026.04.22 19:17:52 INFO  no build target found for C:\Users\Utilizador\Desktop\Projetos\Projeto\Konane.scala. Using presentation compiler with project's scala-library version: 3.3.7
2026.04.22 19:17:52 INFO  no build target found for C:\Users\Utilizador\Desktop\Projetos\Projeto\Konane.scala. Using presentation compiler with project's scala-library version: 3.3.7
2026.04.22 19:17:54 INFO  no build target found for C:\Users\Utilizador\Desktop\Projetos\Projeto\Konane.scala. Using presentation compiler with project's scala-library version: 3.3.7
2026.04.22 19:17:54 INFO  no build target found for C:\Users\Utilizador\Desktop\Projetos\Projeto\Konane.scala. Using presentation compiler with project's scala-library version: 3.3.7
2026.04.22 19:17:54 INFO  no build target found for C:\Users\Utilizador\Desktop\Projetos\Projeto\Konane.scala. Using presentation compiler with project's scala-library version: 3.3.7
2026.04.22 19:17:55 INFO  no build target found for C:\Users\Utilizador\Desktop\Projetos\Projeto\Konane.scala. Using presentation compiler with project's scala-library version: 3.3.7
2026.04.22 19:17:55 INFO  no build target found for C:\Users\Utilizador\Desktop\Projetos\Projeto\Konane.scala. Using presentation compiler with project's scala-library version: 3.3.7
2026.04.22 19:17:56 INFO  no build target found for C:\Users\Utilizador\Desktop\Projetos\Projeto\Konane.scala. Using presentation compiler with project's scala-library version: 3.3.7
2026.04.22 19:17:56 INFO  no build target found for C:\Users\Utilizador\Desktop\Projetos\Projeto\Konane.scala. Using presentation compiler with project's scala-library version: 3.3.7
2026.04.22 19:17:56 INFO  no build target found for C:\Users\Utilizador\Desktop\Projetos\Projeto\Konane.scala. Using presentation compiler with project's scala-library version: 3.3.7
2026.04.22 19:17:56 INFO  no build target found for C:\Users\Utilizador\Desktop\Projetos\Projeto\Konane.scala. Using presentation compiler with project's scala-library version: 3.3.7
2026.04.22 19:17:57 INFO  no build target found for C:\Users\Utilizador\Desktop\Projetos\Projeto\Konane.scala. Using presentation compiler with project's scala-library version: 3.3.7
2026.04.22 19:17:57 INFO  no build target found for C:\Users\Utilizador\Desktop\Projetos\Projeto\Konane.scala. Using presentation compiler with project's scala-library version: 3.3.7
2026.04.22 19:17:57 INFO  no build target found for C:\Users\Utilizador\Desktop\Projetos\Projeto\Konane.scala. Using presentation compiler with project's scala-library version: 3.3.7
2026.04.22 19:17:57 INFO  no build target found for C:\Users\Utilizador\Desktop\Projetos\Projeto\Konane.scala. Using presentation compiler with project's scala-library version: 3.3.7
2026.04.22 19:17:59 INFO  no build target found for C:\Users\Utilizador\Desktop\Projetos\Projeto\Konane.scala. Using presentation compiler with project's scala-library version: 3.3.7
2026.04.22 19:17:59 INFO  no build target found for C:\Users\Utilizador\Desktop\Projetos\Projeto\Konane.scala. Using presentation compiler with project's scala-library version: 3.3.7
2026.04.22 19:17:59 INFO  no build target found for C:\Users\Utilizador\Desktop\Projetos\Projeto\Konane.scala. Using presentation compiler with project's scala-library version: 3.3.7
2026.04.22 19:18:00 INFO  no build target found for C:\Users\Utilizador\Desktop\Projetos\Projeto\Konane.scala. Using presentation compiler with project's scala-library version: 3.3.7
2026.04.22 19:18:00 INFO  no build target found for C:\Users\Utilizador\Desktop\Projetos\Projeto\Konane.scala. Using presentation compiler with project's scala-library version: 3.3.7
2026.04.22 19:18:00 INFO  no build target found for C:\Users\Utilizador\Desktop\Projetos\Projeto\Konane.scala. Using presentation compiler with project's scala-library version: 3.3.7
2026.04.22 19:18:02 INFO  no build target found for C:\Users\Utilizador\Desktop\Projetos\Projeto\Konane.scala. Using presentation compiler with project's scala-library version: 3.3.7
2026.04.22 19:18:02 INFO  no build target found for C:\Users\Utilizador\Desktop\Projetos\Projeto\Konane.scala. Using presentation compiler with project's scala-library version: 3.3.7
2026.04.22 19:18:02 INFO  no build target found for C:\Users\Utilizador\Desktop\Projetos\Projeto\Konane.scala. Using presentation compiler with project's scala-library version: 3.3.7
2026.04.22 19:18:02 INFO  no build target found for C:\Users\Utilizador\Desktop\Projetos\Projeto\Konane.scala. Using presentation compiler with project's scala-library version: 3.3.7
2026.04.22 19:18:02 INFO  no build target found for C:\Users\Utilizador\Desktop\Projetos\Projeto\Konane.scala. Using presentation compiler with project's scala-library version: 3.3.7
2026.04.22 19:18:03 INFO  no build target found for C:\Users\Utilizador\Desktop\Projetos\Projeto\Konane.scala. Using presentation compiler with project's scala-library version: 3.3.7
2026.04.22 19:18:03 INFO  no build target found for C:\Users\Utilizador\Desktop\Projetos\Projeto\Konane.scala. Using presentation compiler with project's scala-library version: 3.3.7
2026.04.22 19:18:03 INFO  no build target found for C:\Users\Utilizador\Desktop\Projetos\Projeto\Konane.scala. Using presentation compiler with project's scala-library version: 3.3.7
2026.04.22 19:18:03 INFO  no build target found for C:\Users\Utilizador\Desktop\Projetos\Projeto\Konane.scala. Using presentation compiler with project's scala-library version: 3.3.7
2026.04.22 19:18:03 INFO  no build target found for C:\Users\Utilizador\Desktop\Projetos\Projeto\Konane.scala. Using presentation compiler with project's scala-library version: 3.3.7
2026.04.22 19:18:05 INFO  no build target found for C:\Users\Utilizador\Desktop\Projetos\Projeto\Konane.scala. Using presentation compiler with project's scala-library version: 3.3.7
2026.04.22 19:18:05 INFO  no build target found for C:\Users\Utilizador\Desktop\Projetos\Projeto\Konane.scala. Using presentation compiler with project's scala-library version: 3.3.7
2026.04.22 19:18:05 INFO  no build target found for C:\Users\Utilizador\Desktop\Projetos\Projeto\Konane.scala. Using presentation compiler with project's scala-library version: 3.3.7
2026.04.22 19:18:05 INFO  no build target found for C:\Users\Utilizador\Desktop\Projetos\Projeto\Konane.scala. Using presentation compiler with project's scala-library version: 3.3.7
2026.04.22 19:18:05 INFO  no build target found for C:\Users\Utilizador\Desktop\Projetos\Projeto\Konane.scala. Using presentation compiler with project's scala-library version: 3.3.7
2026.04.22 19:18:07 INFO  no build target found for C:\Users\Utilizador\Desktop\Projetos\Projeto\Konane.scala. Using presentation compiler with project's scala-library version: 3.3.7
2026.04.22 19:18:07 INFO  no build target found for C:\Users\Utilizador\Desktop\Projetos\Projeto\Konane.scala. Using presentation compiler with project's scala-library version: 3.3.7
2026.04.22 19:18:07 INFO  no build target found for C:\Users\Utilizador\Desktop\Projetos\Projeto\Konane.scala. Using presentation compiler with project's scala-library version: 3.3.7
2026.04.22 19:18:10 INFO  no build target found for C:\Users\Utilizador\Desktop\Projetos\Projeto\Konane.scala. Using presentation compiler with project's scala-library version: 3.3.7
2026.04.22 19:18:12 INFO  no build target found for C:\Users\Utilizador\Desktop\Projetos\Projeto\Konane.scala. Using presentation compiler with project's scala-library version: 3.3.7
2026.04.22 19:18:12 INFO  no build target found for C:\Users\Utilizador\Desktop\Projetos\Projeto\Konane.scala. Using presentation compiler with project's scala-library version: 3.3.7
2026.04.22 19:18:12 INFO  no build target found for C:\Users\Utilizador\Desktop\Projetos\Projeto\Konane.scala. Using presentation compiler with project's scala-library version: 3.3.7
2026.04.22 19:18:12 INFO  no build target found for C:\Users\Utilizador\Desktop\Projetos\Projeto\Konane.scala. Using presentation compiler with project's scala-library version: 3.3.7
2026.04.22 19:18:16 INFO  no build target found for C:\Users\Utilizador\Desktop\Projetos\Projeto\Konane.scala. Using presentation compiler with project's scala-library version: 3.3.7
2026.04.22 19:18:16 INFO  no build target found for C:\Users\Utilizador\Desktop\Projetos\Projeto\Konane.scala. Using presentation compiler with project's scala-library version: 3.3.7
2026.04.22 19:18:16 INFO  no build target found for C:\Users\Utilizador\Desktop\Projetos\Projeto\Konane.scala. Using presentation compiler with project's scala-library version: 3.3.7
2026.04.22 19:18:16 INFO  no build target found for C:\Users\Utilizador\Desktop\Projetos\Projeto\Konane.scala. Using presentation compiler with project's scala-library version: 3.3.7
2026.04.22 19:18:16 INFO  no build target found for C:\Users\Utilizador\Desktop\Projetos\Projeto\Konane.scala. Using presentation compiler with project's scala-library version: 3.3.7
2026.04.22 19:19:22 INFO  no build target found for C:\Users\Utilizador\Desktop\Projetos\Projeto\Konane.scala. Using presentation compiler with project's scala-library version: 3.3.7
2026.04.22 19:19:22 INFO  no build target found for C:\Users\Utilizador\Desktop\Projetos\Projeto\Konane.scala. Using presentation compiler with project's scala-library version: 3.3.7
2026.04.22 19:19:22 INFO  no build target found for C:\Users\Utilizador\Desktop\Projetos\Projeto\Konane.scala. Using presentation compiler with project's scala-library version: 3.3.7
2026.04.22 19:19:23 INFO  no build target found for C:\Users\Utilizador\Desktop\Projetos\Projeto\Konane.scala. Using presentation compiler with project's scala-library version: 3.3.7
2026.04.22 19:19:23 INFO  no build target found for C:\Users\Utilizador\Desktop\Projetos\Projeto\Konane.scala. Using presentation compiler with project's scala-library version: 3.3.7
2026.04.22 19:19:23 INFO  no build target found for C:\Users\Utilizador\Desktop\Projetos\Projeto\Konane.scala. Using presentation compiler with project's scala-library version: 3.3.7
2026.04.22 19:19:23 INFO  no build target found for C:\Users\Utilizador\Desktop\Projetos\Projeto\Konane.scala. Using presentation compiler with project's scala-library version: 3.3.7
2026.04.22 19:19:23 INFO  no build target found for C:\Users\Utilizador\Desktop\Projetos\Projeto\Konane.scala. Using presentation compiler with project's scala-library version: 3.3.7
2026.04.22 19:19:25 INFO  no build target found for C:\Users\Utilizador\Desktop\Projetos\Projeto\Konane.scala. Using presentation compiler with project's scala-library version: 3.3.7
2026.04.22 19:19:28 INFO  no build target found for C:\Users\Utilizador\Desktop\Projetos\Projeto\Konane.scala. Using presentation compiler with project's scala-library version: 3.3.7
2026.04.22 19:19:28 INFO  no build target found for C:\Users\Utilizador\Desktop\Projetos\Projeto\Konane.scala. Using presentation compiler with project's scala-library version: 3.3.7
2026.04.22 19:19:28 INFO  no build target found for C:\Users\Utilizador\Desktop\Projetos\Projeto\Konane.scala. Using presentation compiler with project's scala-library version: 3.3.7
2026.04.22 19:19:31 INFO  no build target found for C:\Users\Utilizador\Desktop\Projetos\Projeto\Konane.scala. Using presentation compiler with project's scala-library version: 3.3.7
2026.04.22 19:19:31 INFO  no build target found for C:\Users\Utilizador\Desktop\Projetos\Projeto\Konane.scala. Using presentation compiler with project's scala-library version: 3.3.7
2026.04.22 19:19:31 INFO  no build target found for C:\Users\Utilizador\Desktop\Projetos\Projeto\Konane.scala. Using presentation compiler with project's scala-library version: 3.3.7
2026.04.22 19:19:32 INFO  no build target found for C:\Users\Utilizador\Desktop\Projetos\Projeto\Konane.scala. Using presentation compiler with project's scala-library version: 3.3.7
2026.04.22 19:19:32 INFO  no build target found for C:\Users\Utilizador\Desktop\Projetos\Projeto\Konane.scala. Using presentation compiler with project's scala-library version: 3.3.7
2026.04.22 19:19:32 INFO  no build target found for C:\Users\Utilizador\Desktop\Projetos\Projeto\Konane.scala. Using presentation compiler with project's scala-library version: 3.3.7
2026.04.22 19:19:32 INFO  no build target found for C:\Users\Utilizador\Desktop\Projetos\Projeto\Konane.scala. Using presentation compiler with project's scala-library version: 3.3.7
2026.04.22 19:19:37 INFO  no build target found for C:\Users\Utilizador\Desktop\Projetos\Projeto\Konane.scala. Using presentation compiler with project's scala-library version: 3.3.7
2026.04.22 19:19:37 INFO  no build target found for C:\Users\Utilizador\Desktop\Projetos\Projeto\Konane.scala. Using presentation compiler with project's scala-library version: 3.3.7
2026.04.22 19:19:37 INFO  no build target found for C:\Users\Utilizador\Desktop\Projetos\Projeto\Konane.scala. Using presentation compiler with project's scala-library version: 3.3.7
2026.04.22 19:19:37 INFO  no build target found for C:\Users\Utilizador\Desktop\Projetos\Projeto\Konane.scala. Using presentation compiler with project's scala-library version: 3.3.7
2026.04.22 19:19:37 INFO  no build target found for C:\Users\Utilizador\Desktop\Projetos\Projeto\Konane.scala. Using presentation compiler with project's scala-library version: 3.3.7
2026.04.22 19:20:44 INFO  no build target found for C:\Users\Utilizador\Desktop\Projetos\Projeto\Konane.scala. Using presentation compiler with project's scala-library version: 3.3.7
2026.04.22 19:26:23 INFO  no build target found for C:\Users\Utilizador\Desktop\Projetos\Projeto\Konane.scala. Using presentation compiler with project's scala-library version: 3.3.7
2026.04.22 19:26:25 INFO  no build target found for C:\Users\Utilizador\Desktop\Projetos\Projeto\Konane.scala. Using presentation compiler with project's scala-library version: 3.3.7
2026.04.22 19:26:39 INFO  no build target found for C:\Users\Utilizador\Desktop\Projetos\Projeto\Konane.scala. Using presentation compiler with project's scala-library version: 3.3.7
2026.04.22 19:26:39 INFO  no build target found for C:\Users\Utilizador\Desktop\Projetos\Projeto\Konane.scala. Using presentation compiler with project's scala-library version: 3.3.7
2026.04.22 19:26:47 INFO  no build target found for C:\Users\Utilizador\Desktop\Projetos\Projeto\Konane.scala. Using presentation compiler with project's scala-library version: 3.3.7
2026.04.22 19:26:47 INFO  no build target found for C:\Users\Utilizador\Desktop\Projetos\Projeto\Konane.scala. Using presentation compiler with project's scala-library version: 3.3.7
2026.04.22 19:26:47 INFO  no build target found for C:\Users\Utilizador\Desktop\Projetos\Projeto\Konane.scala. Using presentation compiler with project's scala-library version: 3.3.7
2026.04.22 19:26:47 INFO  no build target found for C:\Users\Utilizador\Desktop\Projetos\Projeto\Konane.scala. Using presentation compiler with project's scala-library version: 3.3.7
2026.04.22 19:26:47 INFO  no build target found for C:\Users\Utilizador\Desktop\Projetos\Projeto\Konane.scala. Using presentation compiler with project's scala-library version: 3.3.7
2026.04.22 19:26:50 INFO  no build target found for C:\Users\Utilizador\Desktop\Projetos\Projeto\Konane.scala. Using presentation compiler with project's scala-library version: 3.3.7
2026.04.22 19:26:50 INFO  no build target found for C:\Users\Utilizador\Desktop\Projetos\Projeto\Konane.scala. Using presentation compiler with project's scala-library version: 3.3.7
2026.04.22 19:26:50 INFO  no build target found for C:\Users\Utilizador\Desktop\Projetos\Projeto\Konane.scala. Using presentation compiler with project's scala-library version: 3.3.7
2026.04.22 19:26:50 INFO  no build target found for C:\Users\Utilizador\Desktop\Projetos\Projeto\Konane.scala. Using presentation compiler with project's scala-library version: 3.3.7
2026.04.22 19:26:52 INFO  no build target found for C:\Users\Utilizador\Desktop\Projetos\Projeto\Konane.scala. Using presentation compiler with project's scala-library version: 3.3.7
2026.04.22 19:26:52 INFO  no build target found for C:\Users\Utilizador\Desktop\Projetos\Projeto\Konane.scala. Using presentation compiler with project's scala-library version: 3.3.7
2026.04.22 19:27:11 INFO  no build target found for C:\Users\Utilizador\Desktop\Projetos\Projeto\Konane.scala. Using presentation compiler with project's scala-library version: 3.3.7
2026.04.22 19:27:11 INFO  no build target found for C:\Users\Utilizador\Desktop\Projetos\Projeto\Konane.scala. Using presentation compiler with project's scala-library version: 3.3.7
2026.04.22 19:27:11 INFO  no build target found for C:\Users\Utilizador\Desktop\Projetos\Projeto\Konane.scala. Using presentation compiler with project's scala-library version: 3.3.7
2026.04.22 19:27:11 INFO  no build target found for C:\Users\Utilizador\Desktop\Projetos\Projeto\Konane.scala. Using presentation compiler with project's scala-library version: 3.3.7
2026.04.22 19:27:11 INFO  no build target found for C:\Users\Utilizador\Desktop\Projetos\Projeto\Konane.scala. Using presentation compiler with project's scala-library version: 3.3.7
2026.04.22 19:27:13 INFO  no build target found for C:\Users\Utilizador\Desktop\Projetos\Projeto\Konane.scala. Using presentation compiler with project's scala-library version: 3.3.7
2026.04.22 19:27:13 INFO  no build target found for C:\Users\Utilizador\Desktop\Projetos\Projeto\Konane.scala. Using presentation compiler with project's scala-library version: 3.3.7
2026.04.22 19:27:13 INFO  no build target found for C:\Users\Utilizador\Desktop\Projetos\Projeto\Konane.scala. Using presentation compiler with project's scala-library version: 3.3.7
2026.04.22 19:27:13 INFO  no build target found for C:\Users\Utilizador\Desktop\Projetos\Projeto\Konane.scala. Using presentation compiler with project's scala-library version: 3.3.7
2026.04.22 19:27:14 INFO  no build target found for C:\Users\Utilizador\Desktop\Projetos\Projeto\Konane.scala. Using presentation compiler with project's scala-library version: 3.3.7
2026.04.22 19:27:14 INFO  no build target found for C:\Users\Utilizador\Desktop\Projetos\Projeto\Konane.scala. Using presentation compiler with project's scala-library version: 3.3.7
2026.04.22 19:27:20 INFO  no build target found for C:\Users\Utilizador\Desktop\Projetos\Projeto\Konane.scala. Using presentation compiler with project's scala-library version: 3.3.7
2026.04.22 19:27:21 INFO  no build target found for C:\Users\Utilizador\Desktop\Projetos\Projeto\Konane.scala. Using presentation compiler with project's scala-library version: 3.3.7
2026.04.22 19:27:32 INFO  no build target found for C:\Users\Utilizador\Desktop\Projetos\Projeto\Konane.scala. Using presentation compiler with project's scala-library version: 3.3.7
2026.04.22 19:27:32 INFO  no build target found for C:\Users\Utilizador\Desktop\Projetos\Projeto\Konane.scala. Using presentation compiler with project's scala-library version: 3.3.7
2026.04.22 19:27:33 INFO  no build target found for C:\Users\Utilizador\Desktop\Projetos\Projeto\Konane.scala. Using presentation compiler with project's scala-library version: 3.3.7
2026.04.22 19:27:35 INFO  no build target found for C:\Users\Utilizador\Desktop\Projetos\Projeto\Konane.scala. Using presentation compiler with project's scala-library version: 3.3.7
2026.04.22 19:27:35 INFO  no build target found for C:\Users\Utilizador\Desktop\Projetos\Projeto\Konane.scala. Using presentation compiler with project's scala-library version: 3.3.7
2026.04.22 19:27:35 INFO  no build target found for C:\Users\Utilizador\Desktop\Projetos\Projeto\Konane.scala. Using presentation compiler with project's scala-library version: 3.3.7
2026.04.22 19:27:35 INFO  no build target found for C:\Users\Utilizador\Desktop\Projetos\Projeto\Konane.scala. Using presentation compiler with project's scala-library version: 3.3.7
2026.04.22 19:27:35 INFO  no build target found for C:\Users\Utilizador\Desktop\Projetos\Projeto\Konane.scala. Using presentation compiler with project's scala-library version: 3.3.7
2026.04.22 19:27:35 INFO  no build target found for C:\Users\Utilizador\Desktop\Projetos\Projeto\Konane.scala. Using presentation compiler with project's scala-library version: 3.3.7
2026.04.22 19:27:36 INFO  no build target found for C:\Users\Utilizador\Desktop\Projetos\Projeto\Konane.scala. Using presentation compiler with project's scala-library version: 3.3.7
2026.04.22 19:27:36 INFO  no build target found for C:\Users\Utilizador\Desktop\Projetos\Projeto\Konane.scala. Using presentation compiler with project's scala-library version: 3.3.7
2026.04.22 19:27:40 INFO  no build target found for C:\Users\Utilizador\Desktop\Projetos\Projeto\Konane.scala. Using presentation compiler with project's scala-library version: 3.3.7
2026.04.22 19:27:40 INFO  no build target found for C:\Users\Utilizador\Desktop\Projetos\Projeto\Konane.scala. Using presentation compiler with project's scala-library version: 3.3.7
2026.04.22 19:27:44 INFO  no build target found for C:\Users\Utilizador\Desktop\Projetos\Projeto\Konane.scala. Using presentation compiler with project's scala-library version: 3.3.7
2026.04.22 19:27:44 INFO  no build target found for C:\Users\Utilizador\Desktop\Projetos\Projeto\Konane.scala. Using presentation compiler with project's scala-library version: 3.3.7
2026.04.22 19:27:44 INFO  no build target found for C:\Users\Utilizador\Desktop\Projetos\Projeto\Konane.scala. Using presentation compiler with project's scala-library version: 3.3.7
2026.04.22 19:27:45 INFO  no build target found for C:\Users\Utilizador\Desktop\Projetos\Projeto\Konane.scala. Using presentation compiler with project's scala-library version: 3.3.7
2026.04.22 19:27:45 INFO  no build target found for C:\Users\Utilizador\Desktop\Projetos\Projeto\Konane.scala. Using presentation compiler with project's scala-library version: 3.3.7
2026.04.22 19:27:45 INFO  no build target found for C:\Users\Utilizador\Desktop\Projetos\Projeto\Konane.scala. Using presentation compiler with project's scala-library version: 3.3.7
2026.04.22 19:27:45 INFO  no build target found for C:\Users\Utilizador\Desktop\Projetos\Projeto\Konane.scala. Using presentation compiler with project's scala-library version: 3.3.7
2026.04.22 19:27:46 INFO  no build target found for C:\Users\Utilizador\Desktop\Projetos\Projeto\Konane.scala. Using presentation compiler with project's scala-library version: 3.3.7
2026.04.22 19:27:46 INFO  no build target found for C:\Users\Utilizador\Desktop\Projetos\Projeto\Konane.scala. Using presentation compiler with project's scala-library version: 3.3.7
2026.04.22 19:27:46 INFO  no build target found for C:\Users\Utilizador\Desktop\Projetos\Projeto\Konane.scala. Using presentation compiler with project's scala-library version: 3.3.7
2026.04.22 19:27:46 INFO  no build target found for C:\Users\Utilizador\Desktop\Projetos\Projeto\Konane.scala. Using presentation compiler with project's scala-library version: 3.3.7
2026.04.22 19:27:47 INFO  no build target found for C:\Users\Utilizador\Desktop\Projetos\Projeto\Konane.scala. Using presentation compiler with project's scala-library version: 3.3.7
2026.04.22 19:27:47 INFO  no build target found for C:\Users\Utilizador\Desktop\Projetos\Projeto\Konane.scala. Using presentation compiler with project's scala-library version: 3.3.7
2026.04.22 19:27:50 INFO  no build target found for C:\Users\Utilizador\Desktop\Projetos\Projeto\Konane.scala. Using presentation compiler with project's scala-library version: 3.3.7
2026.04.22 19:27:50 INFO  no build target found for C:\Users\Utilizador\Desktop\Projetos\Projeto\Konane.scala. Using presentation compiler with project's scala-library version: 3.3.7
2026.04.22 19:27:51 INFO  no build target found for C:\Users\Utilizador\Desktop\Projetos\Projeto\Konane.scala. Using presentation compiler with project's scala-library version: 3.3.7
2026.04.22 19:27:51 INFO  no build target found for C:\Users\Utilizador\Desktop\Projetos\Projeto\Konane.scala. Using presentation compiler with project's scala-library version: 3.3.7
2026.04.22 19:28:49 INFO  no build target found for C:\Users\Utilizador\Desktop\Projetos\Projeto\Konane.scala. Using presentation compiler with project's scala-library version: 3.3.7
2026.04.22 19:28:50 INFO  no build target found for C:\Users\Utilizador\Desktop\Projetos\Projeto\Konane.scala. Using presentation compiler with project's scala-library version: 3.3.7
2026.04.22 19:28:50 INFO  no build target found for C:\Users\Utilizador\Desktop\Projetos\Projeto\Konane.scala. Using presentation compiler with project's scala-library version: 3.3.7
2026.04.22 19:28:51 INFO  no build target found for C:\Users\Utilizador\Desktop\Projetos\Projeto\Konane.scala. Using presentation compiler with project's scala-library version: 3.3.7
2026.04.22 19:28:53 INFO  no build target found for C:\Users\Utilizador\Desktop\Projetos\Projeto\Konane.scala. Using presentation compiler with project's scala-library version: 3.3.7
2026.04.22 19:28:54 INFO  no build target found for C:\Users\Utilizador\Desktop\Projetos\Projeto\Konane.scala. Using presentation compiler with project's scala-library version: 3.3.7
2026.04.22 19:28:56 INFO  no build target found for C:\Users\Utilizador\Desktop\Projetos\Projeto\Konane.scala. Using presentation compiler with project's scala-library version: 3.3.7
2026.04.22 19:28:58 INFO  no build target found for C:\Users\Utilizador\Desktop\Projetos\Projeto\Konane.scala. Using presentation compiler with project's scala-library version: 3.3.7
2026.04.22 19:28:58 INFO  no build target found for C:\Users\Utilizador\Desktop\Projetos\Projeto\Konane.scala. Using presentation compiler with project's scala-library version: 3.3.7
2026.04.22 19:28:58 INFO  no build target found for C:\Users\Utilizador\Desktop\Projetos\Projeto\Konane.scala. Using presentation compiler with project's scala-library version: 3.3.7
2026.04.22 19:28:58 INFO  no build target found for C:\Users\Utilizador\Desktop\Projetos\Projeto\Konane.scala. Using presentation compiler with project's scala-library version: 3.3.7
2026.04.22 19:29:00 INFO  no build target found for C:\Users\Utilizador\Desktop\Projetos\Projeto\Konane.scala. Using presentation compiler with project's scala-library version: 3.3.7
2026.04.22 19:29:00 INFO  no build target found for C:\Users\Utilizador\Desktop\Projetos\Projeto\Konane.scala. Using presentation compiler with project's scala-library version: 3.3.7
2026.04.22 19:29:00 INFO  no build target found for C:\Users\Utilizador\Desktop\Projetos\Projeto\Konane.scala. Using presentation compiler with project's scala-library version: 3.3.7
2026.04.22 19:29:00 INFO  no build target found for C:\Users\Utilizador\Desktop\Projetos\Projeto\Konane.scala. Using presentation compiler with project's scala-library version: 3.3.7
2026.04.22 19:29:02 INFO  no build target found for C:\Users\Utilizador\Desktop\Projetos\Projeto\Konane.scala. Using presentation compiler with project's scala-library version: 3.3.7
2026.04.22 19:29:04 INFO  no build target found for C:\Users\Utilizador\Desktop\Projetos\Projeto\Konane.scala. Using presentation compiler with project's scala-library version: 3.3.7
2026.04.22 19:29:04 INFO  no build target found for C:\Users\Utilizador\Desktop\Projetos\Projeto\Konane.scala. Using presentation compiler with project's scala-library version: 3.3.7
2026.04.22 19:29:06 INFO  no build target found for C:\Users\Utilizador\Desktop\Projetos\Projeto\Konane.scala. Using presentation compiler with project's scala-library version: 3.3.7
2026.04.22 19:29:06 INFO  no build target found for C:\Users\Utilizador\Desktop\Projetos\Projeto\Konane.scala. Using presentation compiler with project's scala-library version: 3.3.7
2026.04.22 19:29:06 INFO  no build target found for C:\Users\Utilizador\Desktop\Projetos\Projeto\Konane.scala. Using presentation compiler with project's scala-library version: 3.3.7
2026.04.22 19:29:08 INFO  no build target found for C:\Users\Utilizador\Desktop\Projetos\Projeto\Konane.scala. Using presentation compiler with project's scala-library version: 3.3.7
2026.04.22 19:29:08 INFO  no build target found for C:\Users\Utilizador\Desktop\Projetos\Projeto\Konane.scala. Using presentation compiler with project's scala-library version: 3.3.7
2026.04.22 19:29:08 INFO  no build target found for C:\Users\Utilizador\Desktop\Projetos\Projeto\Konane.scala. Using presentation compiler with project's scala-library version: 3.3.7
2026.04.22 19:29:08 INFO  no build target found for C:\Users\Utilizador\Desktop\Projetos\Projeto\Konane.scala. Using presentation compiler with project's scala-library version: 3.3.7
2026.04.22 19:29:08 INFO  no build target found for C:\Users\Utilizador\Desktop\Projetos\Projeto\Konane.scala. Using presentation compiler with project's scala-library version: 3.3.7
2026.04.22 19:29:09 INFO  no build target found for C:\Users\Utilizador\Desktop\Projetos\Projeto\Konane.scala. Using presentation compiler with project's scala-library version: 3.3.7
2026.04.22 19:29:16 INFO  no build target found for C:\Users\Utilizador\Desktop\Projetos\Projeto\Konane.scala. Using presentation compiler with project's scala-library version: 3.3.7
2026.04.22 19:29:16 INFO  no build target found for C:\Users\Utilizador\Desktop\Projetos\Projeto\Konane.scala. Using presentation compiler with project's scala-library version: 3.3.7
2026.04.22 19:29:19 INFO  no build target found for C:\Users\Utilizador\Desktop\Projetos\Projeto\Konane.scala. Using presentation compiler with project's scala-library version: 3.3.7
2026.04.22 19:29:22 INFO  no build target found for C:\Users\Utilizador\Desktop\Projetos\Projeto\Konane.scala. Using presentation compiler with project's scala-library version: 3.3.7
2026.04.22 19:29:22 INFO  no build target found for C:\Users\Utilizador\Desktop\Projetos\Projeto\Konane.scala. Using presentation compiler with project's scala-library version: 3.3.7
2026.04.22 19:29:26 INFO  no build target found for C:\Users\Utilizador\Desktop\Projetos\Projeto\Konane.scala. Using presentation compiler with project's scala-library version: 3.3.7
2026.04.22 19:29:26 INFO  no build target found for C:\Users\Utilizador\Desktop\Projetos\Projeto\Konane.scala. Using presentation compiler with project's scala-library version: 3.3.7
2026.04.22 19:29:26 INFO  no build target found for C:\Users\Utilizador\Desktop\Projetos\Projeto\Konane.scala. Using presentation compiler with project's scala-library version: 3.3.7
2026.04.22 19:29:26 INFO  no build target found for C:\Users\Utilizador\Desktop\Projetos\Projeto\Konane.scala. Using presentation compiler with project's scala-library version: 3.3.7
2026.04.22 19:29:26 INFO  no build target found for C:\Users\Utilizador\Desktop\Projetos\Projeto\Konane.scala. Using presentation compiler with project's scala-library version: 3.3.7
2026.04.22 19:29:27 INFO  no build target found for C:\Users\Utilizador\Desktop\Projetos\Projeto\Konane.scala. Using presentation compiler with project's scala-library version: 3.3.7
2026.04.22 19:29:27 INFO  no build target found for C:\Users\Utilizador\Desktop\Projetos\Projeto\Konane.scala. Using presentation compiler with project's scala-library version: 3.3.7
2026.04.22 19:29:27 INFO  no build target found for C:\Users\Utilizador\Desktop\Projetos\Projeto\Konane.scala. Using presentation compiler with project's scala-library version: 3.3.7
2026.04.22 19:29:27 INFO  no build target found for C:\Users\Utilizador\Desktop\Projetos\Projeto\Konane.scala. Using presentation compiler with project's scala-library version: 3.3.7
2026.04.22 19:29:27 INFO  no build target found for C:\Users\Utilizador\Desktop\Projetos\Projeto\Konane.scala. Using presentation compiler with project's scala-library version: 3.3.7
2026.04.22 19:29:28 INFO  no build target found for C:\Users\Utilizador\Desktop\Projetos\Projeto\Konane.scala. Using presentation compiler with project's scala-library version: 3.3.7
2026.04.22 19:29:28 INFO  no build target found for C:\Users\Utilizador\Desktop\Projetos\Projeto\Konane.scala. Using presentation compiler with project's scala-library version: 3.3.7
2026.04.22 19:29:28 INFO  no build target found for C:\Users\Utilizador\Desktop\Projetos\Projeto\Konane.scala. Using presentation compiler with project's scala-library version: 3.3.7
2026.04.22 19:29:28 INFO  no build target found for C:\Users\Utilizador\Desktop\Projetos\Projeto\Konane.scala. Using presentation compiler with project's scala-library version: 3.3.7
2026.04.22 19:29:28 INFO  no build target found for C:\Users\Utilizador\Desktop\Projetos\Projeto\Konane.scala. Using presentation compiler with project's scala-library version: 3.3.7
2026.04.22 19:29:30 INFO  no build target found for C:\Users\Utilizador\Desktop\Projetos\Projeto\Konane.scala. Using presentation compiler with project's scala-library version: 3.3.7
2026.04.22 19:29:30 INFO  no build target found for C:\Users\Utilizador\Desktop\Projetos\Projeto\Konane.scala. Using presentation compiler with project's scala-library version: 3.3.7
2026.04.22 19:29:30 INFO  no build target found for C:\Users\Utilizador\Desktop\Projetos\Projeto\Konane.scala. Using presentation compiler with project's scala-library version: 3.3.7
2026.04.22 19:29:30 INFO  no build target found for C:\Users\Utilizador\Desktop\Projetos\Projeto\Konane.scala. Using presentation compiler with project's scala-library version: 3.3.7
2026.04.22 19:29:30 INFO  no build target found for C:\Users\Utilizador\Desktop\Projetos\Projeto\Konane.scala. Using presentation compiler with project's scala-library version: 3.3.7
2026.04.22 19:29:30 INFO  no build target found for C:\Users\Utilizador\Desktop\Projetos\Projeto\Konane.scala. Using presentation compiler with project's scala-library version: 3.3.7
2026.04.22 19:29:31 INFO  no build target found for C:\Users\Utilizador\Desktop\Projetos\Projeto\Konane.scala. Using presentation compiler with project's scala-library version: 3.3.7
2026.04.22 19:29:46 INFO  no build target found for C:\Users\Utilizador\Desktop\Projetos\Projeto\Konane.scala. Using presentation compiler with project's scala-library version: 3.3.7
2026.04.22 19:29:49 INFO  no build target found for C:\Users\Utilizador\Desktop\Projetos\Projeto\Konane.scala. Using presentation compiler with project's scala-library version: 3.3.7
2026.04.22 19:29:49 INFO  no build target found for C:\Users\Utilizador\Desktop\Projetos\Projeto\Konane.scala. Using presentation compiler with project's scala-library version: 3.3.7
2026.04.22 19:29:52 INFO  no build target found for C:\Users\Utilizador\Desktop\Projetos\Projeto\Konane.scala. Using presentation compiler with project's scala-library version: 3.3.7
2026.04.22 19:29:52 INFO  no build target found for C:\Users\Utilizador\Desktop\Projetos\Projeto\Konane.scala. Using presentation compiler with project's scala-library version: 3.3.7
2026.04.22 19:30:00 INFO  no build target found for C:\Users\Utilizador\Desktop\Projetos\Projeto\Konane.scala. Using presentation compiler with project's scala-library version: 3.3.7
2026.04.22 19:30:07 INFO  no build target found for C:\Users\Utilizador\Desktop\Projetos\Projeto\Konane.scala. Using presentation compiler with project's scala-library version: 3.3.7
2026.04.22 19:30:20 INFO  no build target found for C:\Users\Utilizador\Desktop\Projetos\Projeto\Konane.scala. Using presentation compiler with project's scala-library version: 3.3.7
2026.04.22 19:30:20 INFO  no build target found for C:\Users\Utilizador\Desktop\Projetos\Projeto\Konane.scala. Using presentation compiler with project's scala-library version: 3.3.7
2026.04.22 19:30:20 INFO  no build target found for C:\Users\Utilizador\Desktop\Projetos\Projeto\Konane.scala. Using presentation compiler with project's scala-library version: 3.3.7
2026.04.22 19:30:20 INFO  no build target found for C:\Users\Utilizador\Desktop\Projetos\Projeto\Konane.scala. Using presentation compiler with project's scala-library version: 3.3.7
2026.04.22 19:30:22 INFO  no build target found for C:\Users\Utilizador\Desktop\Projetos\Projeto\Konane.scala. Using presentation compiler with project's scala-library version: 3.3.7
2026.04.22 19:30:25 INFO  no build target found for C:\Users\Utilizador\Desktop\Projetos\Projeto\Konane.scala. Using presentation compiler with project's scala-library version: 3.3.7
2026.04.22 19:30:25 INFO  no build target found for C:\Users\Utilizador\Desktop\Projetos\Projeto\Konane.scala. Using presentation compiler with project's scala-library version: 3.3.7
2026.04.22 19:30:25 INFO  no build target found for C:\Users\Utilizador\Desktop\Projetos\Projeto\Konane.scala. Using presentation compiler with project's scala-library version: 3.3.7
2026.04.22 19:30:25 INFO  no build target found for C:\Users\Utilizador\Desktop\Projetos\Projeto\Konane.scala. Using presentation compiler with project's scala-library version: 3.3.7
2026.04.22 19:30:25 INFO  no build target found for C:\Users\Utilizador\Desktop\Projetos\Projeto\Konane.scala. Using presentation compiler with project's scala-library version: 3.3.7
2026.04.22 19:30:27 INFO  no build target found for C:\Users\Utilizador\Desktop\Projetos\Projeto\Konane.scala. Using presentation compiler with project's scala-library version: 3.3.7
2026.04.22 19:30:27 INFO  no build target found for C:\Users\Utilizador\Desktop\Projetos\Projeto\Konane.scala. Using presentation compiler with project's scala-library version: 3.3.7
2026.04.22 19:30:27 INFO  no build target found for C:\Users\Utilizador\Desktop\Projetos\Projeto\Konane.scala. Using presentation compiler with project's scala-library version: 3.3.7
2026.04.22 19:30:27 INFO  no build target found for C:\Users\Utilizador\Desktop\Projetos\Projeto\Konane.scala. Using presentation compiler with project's scala-library version: 3.3.7
2026.04.22 19:30:28 INFO  no build target found for C:\Users\Utilizador\Desktop\Projetos\Projeto\Konane.scala. Using presentation compiler with project's scala-library version: 3.3.7
2026.04.22 19:30:28 INFO  no build target found for C:\Users\Utilizador\Desktop\Projetos\Projeto\Konane.scala. Using presentation compiler with project's scala-library version: 3.3.7
2026.04.22 19:30:28 INFO  no build target found for C:\Users\Utilizador\Desktop\Projetos\Projeto\Konane.scala. Using presentation compiler with project's scala-library version: 3.3.7
2026.04.22 19:30:28 INFO  no build target found for C:\Users\Utilizador\Desktop\Projetos\Projeto\Konane.scala. Using presentation compiler with project's scala-library version: 3.3.7
2026.04.22 19:30:28 INFO  no build target found for C:\Users\Utilizador\Desktop\Projetos\Projeto\Konane.scala. Using presentation compiler with project's scala-library version: 3.3.7
2026.04.22 19:30:30 INFO  no build target found for C:\Users\Utilizador\Desktop\Projetos\Projeto\Konane.scala. Using presentation compiler with project's scala-library version: 3.3.7
2026.04.22 19:30:30 INFO  no build target found for C:\Users\Utilizador\Desktop\Projetos\Projeto\Konane.scala. Using presentation compiler with project's scala-library version: 3.3.7
2026.04.22 19:30:31 INFO  no build target found for C:\Users\Utilizador\Desktop\Projetos\Projeto\Konane.scala. Using presentation compiler with project's scala-library version: 3.3.7
2026.04.22 19:30:31 INFO  no build target found for C:\Users\Utilizador\Desktop\Projetos\Projeto\Konane.scala. Using presentation compiler with project's scala-library version: 3.3.7
2026.04.22 19:30:31 INFO  no build target found for C:\Users\Utilizador\Desktop\Projetos\Projeto\Konane.scala. Using presentation compiler with project's scala-library version: 3.3.7
2026.04.22 19:30:33 INFO  no build target found for C:\Users\Utilizador\Desktop\Projetos\Projeto\Konane.scala. Using presentation compiler with project's scala-library version: 3.3.7
2026.04.22 19:30:33 INFO  no build target found for C:\Users\Utilizador\Desktop\Projetos\Projeto\Konane.scala. Using presentation compiler with project's scala-library version: 3.3.7
2026.04.22 19:30:33 INFO  no build target found for C:\Users\Utilizador\Desktop\Projetos\Projeto\Konane.scala. Using presentation compiler with project's scala-library version: 3.3.7
2026.04.22 19:30:35 INFO  no build target found for C:\Users\Utilizador\Desktop\Projetos\Projeto\Konane.scala. Using presentation compiler with project's scala-library version: 3.3.7
2026.04.22 19:30:35 INFO  no build target found for C:\Users\Utilizador\Desktop\Projetos\Projeto\Konane.scala. Using presentation compiler with project's scala-library version: 3.3.7
2026.04.22 19:30:35 INFO  no build target found for C:\Users\Utilizador\Desktop\Projetos\Projeto\Konane.scala. Using presentation compiler with project's scala-library version: 3.3.7
2026.04.22 19:30:37 INFO  no build target found for C:\Users\Utilizador\Desktop\Projetos\Projeto\Konane.scala. Using presentation compiler with project's scala-library version: 3.3.7
2026.04.22 19:30:37 INFO  no build target found for C:\Users\Utilizador\Desktop\Projetos\Projeto\Konane.scala. Using presentation compiler with project's scala-library version: 3.3.7
2026.04.22 19:30:40 INFO  no build target found for C:\Users\Utilizador\Desktop\Projetos\Projeto\Konane.scala. Using presentation compiler with project's scala-library version: 3.3.7
2026.04.22 19:30:41 INFO  no build target found for C:\Users\Utilizador\Desktop\Projetos\Projeto\Konane.scala. Using presentation compiler with project's scala-library version: 3.3.7
2026.04.22 19:30:41 INFO  no build target found for C:\Users\Utilizador\Desktop\Projetos\Projeto\Konane.scala. Using presentation compiler with project's scala-library version: 3.3.7
2026.04.22 19:30:41 INFO  no build target found for C:\Users\Utilizador\Desktop\Projetos\Projeto\Konane.scala. Using presentation compiler with project's scala-library version: 3.3.7
2026.04.22 19:30:41 INFO  no build target found for C:\Users\Utilizador\Desktop\Projetos\Projeto\Konane.scala. Using presentation compiler with project's scala-library version: 3.3.7
2026.04.22 19:30:42 INFO  no build target found for C:\Users\Utilizador\Desktop\Projetos\Projeto\Konane.scala. Using presentation compiler with project's scala-library version: 3.3.7
2026.04.22 19:30:42 INFO  no build target found for C:\Users\Utilizador\Desktop\Projetos\Projeto\Konane.scala. Using presentation compiler with project's scala-library version: 3.3.7
2026.04.22 19:30:42 INFO  no build target found for C:\Users\Utilizador\Desktop\Projetos\Projeto\Konane.scala. Using presentation compiler with project's scala-library version: 3.3.7
2026.04.22 19:30:42 INFO  no build target found for C:\Users\Utilizador\Desktop\Projetos\Projeto\Konane.scala. Using presentation compiler with project's scala-library version: 3.3.7
2026.04.22 19:30:44 INFO  no build target found for C:\Users\Utilizador\Desktop\Projetos\Projeto\Konane.scala. Using presentation compiler with project's scala-library version: 3.3.7
2026.04.22 19:30:52 INFO  no build target found for C:\Users\Utilizador\Desktop\Projetos\Projeto\Konane.scala. Using presentation compiler with project's scala-library version: 3.3.7
2026.04.22 19:30:52 INFO  no build target found for C:\Users\Utilizador\Desktop\Projetos\Projeto\Konane.scala. Using presentation compiler with project's scala-library version: 3.3.7
2026.04.22 19:30:53 INFO  no build target found for C:\Users\Utilizador\Desktop\Projetos\Projeto\Konane.scala. Using presentation compiler with project's scala-library version: 3.3.7
2026.04.22 19:30:53 INFO  no build target found for C:\Users\Utilizador\Desktop\Projetos\Projeto\Konane.scala. Using presentation compiler with project's scala-library version: 3.3.7
2026.04.22 19:30:54 INFO  no build target found for C:\Users\Utilizador\Desktop\Projetos\Projeto\Konane.scala. Using presentation compiler with project's scala-library version: 3.3.7
2026.04.22 19:30:54 INFO  no build target found for C:\Users\Utilizador\Desktop\Projetos\Projeto\Konane.scala. Using presentation compiler with project's scala-library version: 3.3.7
2026.04.22 19:30:54 INFO  no build target found for C:\Users\Utilizador\Desktop\Projetos\Projeto\Konane.scala. Using presentation compiler with project's scala-library version: 3.3.7
2026.04.22 19:30:55 INFO  no build target found for C:\Users\Utilizador\Desktop\Projetos\Projeto\Konane.scala. Using presentation compiler with project's scala-library version: 3.3.7
2026.04.22 19:30:55 INFO  no build target found for C:\Users\Utilizador\Desktop\Projetos\Projeto\Konane.scala. Using presentation compiler with project's scala-library version: 3.3.7
2026.04.22 19:30:55 INFO  no build target found for C:\Users\Utilizador\Desktop\Projetos\Projeto\Konane.scala. Using presentation compiler with project's scala-library version: 3.3.7
2026.04.22 19:30:55 INFO  no build target found for C:\Users\Utilizador\Desktop\Projetos\Projeto\Konane.scala. Using presentation compiler with project's scala-library version: 3.3.7
2026.04.22 19:30:57 INFO  no build target found for C:\Users\Utilizador\Desktop\Projetos\Projeto\Konane.scala. Using presentation compiler with project's scala-library version: 3.3.7
2026.04.22 19:30:57 INFO  no build target found for C:\Users\Utilizador\Desktop\Projetos\Projeto\Konane.scala. Using presentation compiler with project's scala-library version: 3.3.7
2026.04.22 19:30:57 INFO  no build target found for C:\Users\Utilizador\Desktop\Projetos\Projeto\Konane.scala. Using presentation compiler with project's scala-library version: 3.3.7
2026.04.22 19:30:58 INFO  no build target found for C:\Users\Utilizador\Desktop\Projetos\Projeto\Konane.scala. Using presentation compiler with project's scala-library version: 3.3.7
2026.04.22 19:30:58 INFO  no build target found for C:\Users\Utilizador\Desktop\Projetos\Projeto\Konane.scala. Using presentation compiler with project's scala-library version: 3.3.7
2026.04.22 19:30:58 INFO  no build target found for C:\Users\Utilizador\Desktop\Projetos\Projeto\Konane.scala. Using presentation compiler with project's scala-library version: 3.3.7
2026.04.22 19:30:58 INFO  no build target found for C:\Users\Utilizador\Desktop\Projetos\Projeto\Konane.scala. Using presentation compiler with project's scala-library version: 3.3.7
2026.04.22 19:30:58 INFO  no build target found for C:\Users\Utilizador\Desktop\Projetos\Projeto\Konane.scala. Using presentation compiler with project's scala-library version: 3.3.7
2026.04.22 19:31:00 INFO  no build target found for C:\Users\Utilizador\Desktop\Projetos\Projeto\Konane.scala. Using presentation compiler with project's scala-library version: 3.3.7
2026.04.22 19:31:00 INFO  no build target found for C:\Users\Utilizador\Desktop\Projetos\Projeto\Konane.scala. Using presentation compiler with project's scala-library version: 3.3.7
2026.04.22 19:31:00 INFO  no build target found for C:\Users\Utilizador\Desktop\Projetos\Projeto\Konane.scala. Using presentation compiler with project's scala-library version: 3.3.7
2026.04.22 19:31:00 INFO  no build target found for C:\Users\Utilizador\Desktop\Projetos\Projeto\Konane.scala. Using presentation compiler with project's scala-library version: 3.3.7
2026.04.22 19:31:00 INFO  no build target found for C:\Users\Utilizador\Desktop\Projetos\Projeto\Konane.scala. Using presentation compiler with project's scala-library version: 3.3.7
2026.04.22 19:31:00 INFO  no build target found for C:\Users\Utilizador\Desktop\Projetos\Projeto\Konane.scala. Using presentation compiler with project's scala-library version: 3.3.7
2026.04.22 19:31:01 INFO  no build target found for C:\Users\Utilizador\Desktop\Projetos\Projeto\Konane.scala. Using presentation compiler with project's scala-library version: 3.3.7
2026.04.22 19:31:01 INFO  no build target found for C:\Users\Utilizador\Desktop\Projetos\Projeto\Konane.scala. Using presentation compiler with project's scala-library version: 3.3.7
2026.04.22 19:31:01 INFO  no build target found for C:\Users\Utilizador\Desktop\Projetos\Projeto\Konane.scala. Using presentation compiler with project's scala-library version: 3.3.7
2026.04.22 19:31:03 INFO  no build target found for C:\Users\Utilizador\Desktop\Projetos\Projeto\Konane.scala. Using presentation compiler with project's scala-library version: 3.3.7
2026.04.22 19:31:03 INFO  no build target found for C:\Users\Utilizador\Desktop\Projetos\Projeto\Konane.scala. Using presentation compiler with project's scala-library version: 3.3.7
2026.04.22 19:31:03 INFO  no build target found for C:\Users\Utilizador\Desktop\Projetos\Projeto\Konane.scala. Using presentation compiler with project's scala-library version: 3.3.7
2026.04.22 19:31:03 INFO  no build target found for C:\Users\Utilizador\Desktop\Projetos\Projeto\Konane.scala. Using presentation compiler with project's scala-library version: 3.3.7
2026.04.22 19:31:04 INFO  no build target found for C:\Users\Utilizador\Desktop\Projetos\Projeto\Konane.scala. Using presentation compiler with project's scala-library version: 3.3.7
2026.04.22 19:31:04 INFO  no build target found for C:\Users\Utilizador\Desktop\Projetos\Projeto\Konane.scala. Using presentation compiler with project's scala-library version: 3.3.7
2026.04.22 19:31:09 INFO  no build target found for C:\Users\Utilizador\Desktop\Projetos\Projeto\Konane.scala. Using presentation compiler with project's scala-library version: 3.3.7
2026.04.22 19:31:09 INFO  no build target found for C:\Users\Utilizador\Desktop\Projetos\Projeto\Konane.scala. Using presentation compiler with project's scala-library version: 3.3.7
2026.04.22 19:31:09 INFO  no build target found for C:\Users\Utilizador\Desktop\Projetos\Projeto\Konane.scala. Using presentation compiler with project's scala-library version: 3.3.7
2026.04.22 19:31:09 INFO  no build target found for C:\Users\Utilizador\Desktop\Projetos\Projeto\Konane.scala. Using presentation compiler with project's scala-library version: 3.3.7
2026.04.22 19:31:10 INFO  no build target found for C:\Users\Utilizador\Desktop\Projetos\Projeto\Konane.scala. Using presentation compiler with project's scala-library version: 3.3.7
2026.04.22 19:31:10 INFO  no build target found for C:\Users\Utilizador\Desktop\Projetos\Projeto\Konane.scala. Using presentation compiler with project's scala-library version: 3.3.7
2026.04.22 19:31:11 INFO  no build target found for C:\Users\Utilizador\Desktop\Projetos\Projeto\Konane.scala. Using presentation compiler with project's scala-library version: 3.3.7
2026.04.22 19:31:11 INFO  no build target found for C:\Users\Utilizador\Desktop\Projetos\Projeto\Konane.scala. Using presentation compiler with project's scala-library version: 3.3.7
2026.04.22 19:31:11 INFO  no build target found for C:\Users\Utilizador\Desktop\Projetos\Projeto\Konane.scala. Using presentation compiler with project's scala-library version: 3.3.7
2026.04.22 19:31:12 INFO  no build target found for C:\Users\Utilizador\Desktop\Projetos\Projeto\Konane.scala. Using presentation compiler with project's scala-library version: 3.3.7
2026.04.22 19:31:12 INFO  no build target found for C:\Users\Utilizador\Desktop\Projetos\Projeto\Konane.scala. Using presentation compiler with project's scala-library version: 3.3.7
2026.04.22 19:31:12 INFO  no build target found for C:\Users\Utilizador\Desktop\Projetos\Projeto\Konane.scala. Using presentation compiler with project's scala-library version: 3.3.7
2026.04.22 19:31:14 INFO  no build target found for C:\Users\Utilizador\Desktop\Projetos\Projeto\Konane.scala. Using presentation compiler with project's scala-library version: 3.3.7
2026.04.22 19:31:14 INFO  no build target found for C:\Users\Utilizador\Desktop\Projetos\Projeto\Konane.scala. Using presentation compiler with project's scala-library version: 3.3.7
2026.04.22 19:31:14 INFO  no build target found for C:\Users\Utilizador\Desktop\Projetos\Projeto\Konane.scala. Using presentation compiler with project's scala-library version: 3.3.7
2026.04.22 19:31:15 INFO  no build target found for C:\Users\Utilizador\Desktop\Projetos\Projeto\Konane.scala. Using presentation compiler with project's scala-library version: 3.3.7
2026.04.22 19:31:15 INFO  no build target found for C:\Users\Utilizador\Desktop\Projetos\Projeto\Konane.scala. Using presentation compiler with project's scala-library version: 3.3.7
2026.04.22 19:31:17 INFO  no build target found for C:\Users\Utilizador\Desktop\Projetos\Projeto\Konane.scala. Using presentation compiler with project's scala-library version: 3.3.7
2026.04.22 19:31:17 INFO  no build target found for C:\Users\Utilizador\Desktop\Projetos\Projeto\Konane.scala. Using presentation compiler with project's scala-library version: 3.3.7
2026.04.22 19:31:17 INFO  no build target found for C:\Users\Utilizador\Desktop\Projetos\Projeto\Konane.scala. Using presentation compiler with project's scala-library version: 3.3.7
2026.04.22 19:31:17 INFO  no build target found for C:\Users\Utilizador\Desktop\Projetos\Projeto\Konane.scala. Using presentation compiler with project's scala-library version: 3.3.7
2026.04.22 19:31:19 INFO  no build target found for C:\Users\Utilizador\Desktop\Projetos\Projeto\Konane.scala. Using presentation compiler with project's scala-library version: 3.3.7
2026.04.22 19:31:19 INFO  no build target found for C:\Users\Utilizador\Desktop\Projetos\Projeto\Konane.scala. Using presentation compiler with project's scala-library version: 3.3.7
2026.04.22 19:31:19 INFO  no build target found for C:\Users\Utilizador\Desktop\Projetos\Projeto\Konane.scala. Using presentation compiler with project's scala-library version: 3.3.7
2026.04.22 19:31:19 INFO  no build target found for C:\Users\Utilizador\Desktop\Projetos\Projeto\Konane.scala. Using presentation compiler with project's scala-library version: 3.3.7
2026.04.22 19:31:20 INFO  no build target found for C:\Users\Utilizador\Desktop\Projetos\Projeto\Konane.scala. Using presentation compiler with project's scala-library version: 3.3.7
2026.04.22 19:31:20 INFO  no build target found for C:\Users\Utilizador\Desktop\Projetos\Projeto\Konane.scala. Using presentation compiler with project's scala-library version: 3.3.7
2026.04.22 19:31:21 INFO  no build target found for C:\Users\Utilizador\Desktop\Projetos\Projeto\Konane.scala. Using presentation compiler with project's scala-library version: 3.3.7
2026.04.22 19:31:21 INFO  no build target found for C:\Users\Utilizador\Desktop\Projetos\Projeto\Konane.scala. Using presentation compiler with project's scala-library version: 3.3.7
2026.04.22 19:31:27 INFO  no build target found for C:\Users\Utilizador\Desktop\Projetos\Projeto\Konane.scala. Using presentation compiler with project's scala-library version: 3.3.7
2026.04.22 19:31:27 INFO  no build target found for C:\Users\Utilizador\Desktop\Projetos\Projeto\Konane.scala. Using presentation compiler with project's scala-library version: 3.3.7
2026.04.22 19:31:30 INFO  no build target found for C:\Users\Utilizador\Desktop\Projetos\Projeto\Konane.scala. Using presentation compiler with project's scala-library version: 3.3.7
2026.04.22 19:31:30 INFO  no build target found for C:\Users\Utilizador\Desktop\Projetos\Projeto\Konane.scala. Using presentation compiler with project's scala-library version: 3.3.7
2026.04.22 19:31:32 INFO  no build target found for C:\Users\Utilizador\Desktop\Projetos\Projeto\Konane.scala. Using presentation compiler with project's scala-library version: 3.3.7
2026.04.22 19:31:47 INFO  no build target found for C:\Users\Utilizador\Desktop\Projetos\Projeto\Konane.scala. Using presentation compiler with project's scala-library version: 3.3.7
2026.04.22 19:31:47 INFO  no build target found for C:\Users\Utilizador\Desktop\Projetos\Projeto\Konane.scala. Using presentation compiler with project's scala-library version: 3.3.7
2026.04.22 19:31:48 INFO  no build target found for C:\Users\Utilizador\Desktop\Projetos\Projeto\Konane.scala. Using presentation compiler with project's scala-library version: 3.3.7
2026.04.22 19:31:48 INFO  no build target found for C:\Users\Utilizador\Desktop\Projetos\Projeto\Konane.scala. Using presentation compiler with project's scala-library version: 3.3.7
2026.04.22 19:31:48 INFO  no build target found for C:\Users\Utilizador\Desktop\Projetos\Projeto\Konane.scala. Using presentation compiler with project's scala-library version: 3.3.7
2026.04.22 19:31:50 INFO  no build target found for C:\Users\Utilizador\Desktop\Projetos\Projeto\Konane.scala. Using presentation compiler with project's scala-library version: 3.3.7
2026.04.22 19:31:50 INFO  no build target found for C:\Users\Utilizador\Desktop\Projetos\Projeto\Konane.scala. Using presentation compiler with project's scala-library version: 3.3.7
2026.04.22 19:31:50 INFO  no build target found for C:\Users\Utilizador\Desktop\Projetos\Projeto\Konane.scala. Using presentation compiler with project's scala-library version: 3.3.7
2026.04.22 19:31:50 INFO  no build target found for C:\Users\Utilizador\Desktop\Projetos\Projeto\Konane.scala. Using presentation compiler with project's scala-library version: 3.3.7
2026.04.22 19:31:51 INFO  no build target found for C:\Users\Utilizador\Desktop\Projetos\Projeto\Konane.scala. Using presentation compiler with project's scala-library version: 3.3.7
2026.04.22 19:31:51 INFO  no build target found for C:\Users\Utilizador\Desktop\Projetos\Projeto\Konane.scala. Using presentation compiler with project's scala-library version: 3.3.7
2026.04.22 19:32:00 INFO  no build target found for C:\Users\Utilizador\Desktop\Projetos\Projeto\Konane.scala. Using presentation compiler with project's scala-library version: 3.3.7
2026.04.22 19:32:00 INFO  no build target found for C:\Users\Utilizador\Desktop\Projetos\Projeto\Konane.scala. Using presentation compiler with project's scala-library version: 3.3.7
2026.04.22 19:32:00 INFO  no build target found for C:\Users\Utilizador\Desktop\Projetos\Projeto\Konane.scala. Using presentation compiler with project's scala-library version: 3.3.7
2026.04.22 19:32:01 INFO  no build target found for C:\Users\Utilizador\Desktop\Projetos\Projeto\Konane.scala. Using presentation compiler with project's scala-library version: 3.3.7
2026.04.22 19:32:01 INFO  no build target found for C:\Users\Utilizador\Desktop\Projetos\Projeto\Konane.scala. Using presentation compiler with project's scala-library version: 3.3.7
2026.04.22 19:32:00 INFO  no build target found for C:\Users\Utilizador\Desktop\Projetos\Projeto\Konane.scala. Using presentation compiler with project's scala-library version: 3.3.7
2026.04.22 19:32:00 INFO  no build target found for C:\Users\Utilizador\Desktop\Projetos\Projeto\Konane.scala. Using presentation compiler with project's scala-library version: 3.3.7
2026.04.22 19:32:01 INFO  no build target found for C:\Users\Utilizador\Desktop\Projetos\Projeto\Konane.scala. Using presentation compiler with project's scala-library version: 3.3.7
2026.04.22 19:32:01 INFO  no build target found for C:\Users\Utilizador\Desktop\Projetos\Projeto\Konane.scala. Using presentation compiler with project's scala-library version: 3.3.7
2026.04.22 19:32:02 INFO  no build target found for C:\Users\Utilizador\Desktop\Projetos\Projeto\Konane.scala. Using presentation compiler with project's scala-library version: 3.3.7
2026.04.22 19:32:02 INFO  no build target found for C:\Users\Utilizador\Desktop\Projetos\Projeto\Konane.scala. Using presentation compiler with project's scala-library version: 3.3.7
2026.04.22 19:32:02 INFO  no build target found for C:\Users\Utilizador\Desktop\Projetos\Projeto\Konane.scala. Using presentation compiler with project's scala-library version: 3.3.7
2026.04.22 19:32:02 INFO  no build target found for C:\Users\Utilizador\Desktop\Projetos\Projeto\Konane.scala. Using presentation compiler with project's scala-library version: 3.3.7
2026.04.22 19:32:03 WARN  no build target for: C:\Users\Utilizador\Desktop\Projetos\Projeto\Konane.scala
2026.04.22 19:32:03 INFO  no build target found for C:\Users\Utilizador\Desktop\Projetos\Projeto\Konane.scala. Using presentation compiler with project's scala-library version: 3.3.7
2026.04.22 19:32:03 INFO  no build target found for C:\Users\Utilizador\Desktop\Projetos\Projeto\Konane.scala. Using presentation compiler with project's scala-library version: 3.3.7
2026.04.22 19:32:03 INFO  no build target found for C:\Users\Utilizador\Desktop\Projetos\Projeto\Konane.scala. Using presentation compiler with project's scala-library version: 3.3.7
2026.04.22 19:32:03 INFO  no build target found for C:\Users\Utilizador\Desktop\Projetos\Projeto\Konane.scala. Using presentation compiler with project's scala-library version: 3.3.7
2026.04.22 19:32:03 INFO  no build target found for C:\Users\Utilizador\Desktop\Projetos\Projeto\Konane.scala. Using presentation compiler with project's scala-library version: 3.3.7
2026.04.22 19:32:04 WARN  no build target for: C:\Users\Utilizador\Desktop\Projetos\Projeto\Konane.scala
2026.04.22 19:32:03 INFO  no build target found for C:\Users\Utilizador\Desktop\Projetos\Projeto\Konane.scala. Using presentation compiler with project's scala-library version: 3.3.7
2026.04.22 19:32:08 INFO  no build target found for C:\Users\Utilizador\Desktop\Projetos\Projeto\Konane.scala. Using presentation compiler with project's scala-library version: 3.3.7
2026.04.22 19:32:08 INFO  no build target found for C:\Users\Utilizador\Desktop\Projetos\Projeto\Konane.scala. Using presentation compiler with project's scala-library version: 3.3.7
2026.04.22 19:32:08 INFO  no build target found for C:\Users\Utilizador\Desktop\Projetos\Projeto\Konane.scala. Using presentation compiler with project's scala-library version: 3.3.7
2026.04.22 19:32:08 INFO  no build target found for C:\Users\Utilizador\Desktop\Projetos\Projeto\Konane.scala. Using presentation compiler with project's scala-library version: 3.3.7
2026.04.22 19:32:08 INFO  no build target found for C:\Users\Utilizador\Desktop\Projetos\Projeto\Konane.scala. Using presentation compiler with project's scala-library version: 3.3.7
2026.04.22 19:32:09 INFO  no build target found for C:\Users\Utilizador\Desktop\Projetos\Projeto\Konane.scala. Using presentation compiler with project's scala-library version: 3.3.7
2026.04.22 19:32:08 INFO  no build target found for C:\Users\Utilizador\Desktop\Projetos\Projeto\Konane.scala. Using presentation compiler with project's scala-library version: 3.3.7
2026.04.22 19:32:08 INFO  no build target found for C:\Users\Utilizador\Desktop\Projetos\Projeto\Konane.scala. Using presentation compiler with project's scala-library version: 3.3.7
2026.04.22 19:32:09 INFO  no build target found for C:\Users\Utilizador\Desktop\Projetos\Projeto\Konane.scala. Using presentation compiler with project's scala-library version: 3.3.7
2026.04.22 19:32:09 INFO  no build target found for C:\Users\Utilizador\Desktop\Projetos\Projeto\Konane.scala. Using presentation compiler with project's scala-library version: 3.3.7
2026.04.22 19:32:09 INFO  no build target found for C:\Users\Utilizador\Desktop\Projetos\Projeto\Konane.scala. Using presentation compiler with project's scala-library version: 3.3.7
2026.04.22 19:32:09 INFO  no build target found for C:\Users\Utilizador\Desktop\Projetos\Projeto\Konane.scala. Using presentation compiler with project's scala-library version: 3.3.7
2026.04.22 19:32:09 INFO  no build target found for C:\Users\Utilizador\Desktop\Projetos\Projeto\Konane.scala. Using presentation compiler with project's scala-library version: 3.3.7
2026.04.22 19:32:09 INFO  no build target found for C:\Users\Utilizador\Desktop\Projetos\Projeto\Konane.scala. Using presentation compiler with project's scala-library version: 3.3.7
2026.04.22 19:32:10 INFO  no build target found for C:\Users\Utilizador\Desktop\Projetos\Projeto\Konane.scala. Using presentation compiler with project's scala-library version: 3.3.7
2026.04.22 19:32:09 INFO  no build target found for C:\Users\Utilizador\Desktop\Projetos\Projeto\Konane.scala. Using presentation compiler with project's scala-library version: 3.3.7
2026.04.22 19:32:09 INFO  no build target found for C:\Users\Utilizador\Desktop\Projetos\Projeto\Konane.scala. Using presentation compiler with project's scala-library version: 3.3.7
2026.04.22 19:32:10 INFO  no build target found for C:\Users\Utilizador\Desktop\Projetos\Projeto\Konane.scala. Using presentation compiler with project's scala-library version: 3.3.7
2026.04.22 19:32:09 INFO  no build target found for C:\Users\Utilizador\Desktop\Projetos\Projeto\Konane.scala. Using presentation compiler with project's scala-library version: 3.3.7
2026.04.22 19:32:10 INFO  no build target found for C:\Users\Utilizador\Desktop\Projetos\Projeto\Konane.scala. Using presentation compiler with project's scala-library version: 3.3.7
2026.04.22 19:32:10 INFO  no build target found for C:\Users\Utilizador\Desktop\Projetos\Projeto\Konane.scala. Using presentation compiler with project's scala-library version: 3.3.7
2026.04.22 19:32:10 INFO  no build target found for C:\Users\Utilizador\Desktop\Projetos\Projeto\Konane.scala. Using presentation compiler with project's scala-library version: 3.3.7
2026.04.22 19:32:10 INFO  no build target found for C:\Users\Utilizador\Desktop\Projetos\Projeto\Konane.scala. Using presentation compiler with project's scala-library version: 3.3.7
2026.04.22 19:32:10 INFO  no build target found for C:\Users\Utilizador\Desktop\Projetos\Projeto\Konane.scala. Using presentation compiler with project's scala-library version: 3.3.7
2026.04.22 19:32:11 WARN  no build target for: C:\Users\Utilizador\Desktop\Projetos\Projeto\Konane.scala
2026.04.22 19:32:10 INFO  no build target found for C:\Users\Utilizador\Desktop\Projetos\Projeto\Konane.scala. Using presentation compiler with project's scala-library version: 3.3.7
2026.04.22 19:32:12 INFO  no build target found for C:\Users\Utilizador\Desktop\Projetos\Projeto\Konane.scala. Using presentation compiler with project's scala-library version: 3.3.7
2026.04.22 19:32:12 INFO  no build target found for C:\Users\Utilizador\Desktop\Projetos\Projeto\Konane.scala. Using presentation compiler with project's scala-library version: 3.3.7
2026.04.22 19:32:12 INFO  no build target found for C:\Users\Utilizador\Desktop\Projetos\Projeto\Konane.scala. Using presentation compiler with project's scala-library version: 3.3.7
2026.04.22 19:32:12 INFO  no build target found for C:\Users\Utilizador\Desktop\Projetos\Projeto\Konane.scala. Using presentation compiler with project's scala-library version: 3.3.7
2026.04.22 19:32:12 INFO  no build target found for C:\Users\Utilizador\Desktop\Projetos\Projeto\Konane.scala. Using presentation compiler with project's scala-library version: 3.3.7
2026.04.22 19:32:12 INFO  no build target found for C:\Users\Utilizador\Desktop\Projetos\Projeto\Konane.scala. Using presentation compiler with project's scala-library version: 3.3.7
2026.04.22 19:32:11 INFO  no build target found for C:\Users\Utilizador\Desktop\Projetos\Projeto\Konane.scala. Using presentation compiler with project's scala-library version: 3.3.7
2026.04.22 19:32:12 INFO  no build target found for C:\Users\Utilizador\Desktop\Projetos\Projeto\Konane.scala. Using presentation compiler with project's scala-library version: 3.3.7
2026.04.22 19:32:12 INFO  no build target found for C:\Users\Utilizador\Desktop\Projetos\Projeto\Konane.scala. Using presentation compiler with project's scala-library version: 3.3.7
2026.04.22 19:32:12 INFO  no build target found for C:\Users\Utilizador\Desktop\Projetos\Projeto\Konane.scala. Using presentation compiler with project's scala-library version: 3.3.7
2026.04.22 19:32:12 INFO  no build target found for C:\Users\Utilizador\Desktop\Projetos\Projeto\Konane.scala. Using presentation compiler with project's scala-library version: 3.3.7
2026.04.22 19:32:12 INFO  no build target found for C:\Users\Utilizador\Desktop\Projetos\Projeto\Konane.scala. Using presentation compiler with project's scala-library version: 3.3.7
2026.04.22 19:32:13 INFO  no build target found for C:\Users\Utilizador\Desktop\Projetos\Projeto\Konane.scala. Using presentation compiler with project's scala-library version: 3.3.7
2026.04.22 19:32:13 INFO  no build target found for C:\Users\Utilizador\Desktop\Projetos\Projeto\Konane.scala. Using presentation compiler with project's scala-library version: 3.3.7
2026.04.22 19:32:13 INFO  no build target found for C:\Users\Utilizador\Desktop\Projetos\Projeto\Konane.scala. Using presentation compiler with project's scala-library version: 3.3.7
2026.04.22 19:32:13 INFO  no build target found for C:\Users\Utilizador\Desktop\Projetos\Projeto\Konane.scala. Using presentation compiler with project's scala-library version: 3.3.7
2026.04.22 19:32:13 INFO  no build target found for C:\Users\Utilizador\Desktop\Projetos\Projeto\Konane.scala. Using presentation compiler with project's scala-library version: 3.3.7
2026.04.22 19:32:13 INFO  no build target found for C:\Users\Utilizador\Desktop\Projetos\Projeto\Konane.scala. Using presentation compiler with project's scala-library version: 3.3.7
2026.04.22 19:32:13 INFO  no build target found for C:\Users\Utilizador\Desktop\Projetos\Projeto\Konane.scala. Using presentation compiler with project's scala-library version: 3.3.7
2026.04.22 19:32:13 INFO  no build target found for C:\Users\Utilizador\Desktop\Projetos\Projeto\Konane.scala. Using presentation compiler with project's scala-library version: 3.3.7
2026.04.22 19:32:13 INFO  no build target found for C:\Users\Utilizador\Desktop\Projetos\Projeto\Konane.scala. Using presentation compiler with project's scala-library version: 3.3.7
2026.04.22 19:32:14 INFO  no build target found for C:\Users\Utilizador\Desktop\Projetos\Projeto\Konane.scala. Using presentation compiler with project's scala-library version: 3.3.7
2026.04.22 19:32:13 INFO  no build target found for C:\Users\Utilizador\Desktop\Projetos\Projeto\Konane.scala. Using presentation compiler with project's scala-library version: 3.3.7
2026.04.22 19:32:14 INFO  no build target found for C:\Users\Utilizador\Desktop\Projetos\Projeto\Konane.scala. Using presentation compiler with project's scala-library version: 3.3.7
2026.04.22 19:32:13 INFO  no build target found for C:\Users\Utilizador\Desktop\Projetos\Projeto\Konane.scala. Using presentation compiler with project's scala-library version: 3.3.7
2026.04.22 19:32:13 INFO  no build target found for C:\Users\Utilizador\Desktop\Projetos\Projeto\Konane.scala. Using presentation compiler with project's scala-library version: 3.3.7
2026.04.22 19:32:14 INFO  no build target found for C:\Users\Utilizador\Desktop\Projetos\Projeto\Konane.scala. Using presentation compiler with project's scala-library version: 3.3.7
2026.04.22 19:32:14 INFO  no build target found for C:\Users\Utilizador\Desktop\Projetos\Projeto\Konane.scala. Using presentation compiler with project's scala-library version: 3.3.7
2026.04.22 19:32:14 INFO  no build target found for C:\Users\Utilizador\Desktop\Projetos\Projeto\Konane.scala. Using presentation compiler with project's scala-library version: 3.3.7
2026.04.22 19:32:13 INFO  no build target found for C:\Users\Utilizador\Desktop\Projetos\Projeto\Konane.scala. Using presentation compiler with project's scala-library version: 3.3.7
2026.04.22 19:32:14 INFO  no build target found for C:\Users\Utilizador\Desktop\Projetos\Projeto\Konane.scala. Using presentation compiler with project's scala-library version: 3.3.7
2026.04.22 19:32:14 INFO  no build target found for C:\Users\Utilizador\Desktop\Projetos\Projeto\Konane.scala. Using presentation compiler with project's scala-library version: 3.3.7
2026.04.22 19:32:14 INFO  no build target found for C:\Users\Utilizador\Desktop\Projetos\Projeto\Konane.scala. Using presentation compiler with project's scala-library version: 3.3.7
2026.04.22 19:32:15 INFO  no build target found for C:\Users\Utilizador\Desktop\Projetos\Projeto\Konane.scala. Using presentation compiler with project's scala-library version: 3.3.7
2026.04.22 19:32:15 INFO  no build target found for C:\Users\Utilizador\Desktop\Projetos\Projeto\Konane.scala. Using presentation compiler with project's scala-library version: 3.3.7
2026.04.22 19:32:14 INFO  no build target found for C:\Users\Utilizador\Desktop\Projetos\Projeto\Konane.scala. Using presentation compiler with project's scala-library version: 3.3.7
2026.04.22 19:32:14 INFO  no build target found for C:\Users\Utilizador\Desktop\Projetos\Projeto\Konane.scala. Using presentation compiler with project's scala-library version: 3.3.7
2026.04.22 19:32:15 INFO  no build target found for C:\Users\Utilizador\Desktop\Projetos\Projeto\Konane.scala. Using presentation compiler with project's scala-library version: 3.3.7
2026.04.22 19:32:15 INFO  no build target found for C:\Users\Utilizador\Desktop\Projetos\Projeto\Konane.scala. Using presentation compiler with project's scala-library version: 3.3.7
2026.04.22 19:32:15 INFO  no build target found for C:\Users\Utilizador\Desktop\Projetos\Projeto\Konane.scala. Using presentation compiler with project's scala-library version: 3.3.7
2026.04.22 19:32:16 WARN  no build target for: C:\Users\Utilizador\Desktop\Projetos\Projeto\Konane.scala
2026.04.22 19:32:15 INFO  no build target found for C:\Users\Utilizador\Desktop\Projetos\Projeto\Konane.scala. Using presentation compiler with project's scala-library version: 3.3.7
2026.04.22 19:32:17 INFO  no build target found for C:\Users\Utilizador\Desktop\Projetos\Projeto\Konane.scala. Using presentation compiler with project's scala-library version: 3.3.7
2026.04.22 19:32:19 INFO  no build target found for C:\Users\Utilizador\Desktop\Projetos\Projeto\Konane.scala. Using presentation compiler with project's scala-library version: 3.3.7
2026.04.22 19:32:19 INFO  no build target found for C:\Users\Utilizador\Desktop\Projetos\Projeto\Konane.scala. Using presentation compiler with project's scala-library version: 3.3.7
2026.04.22 19:32:19 INFO  no build target found for C:\Users\Utilizador\Desktop\Projetos\Projeto\Konane.scala. Using presentation compiler with project's scala-library version: 3.3.7
2026.04.22 19:32:20 INFO  no build target found for C:\Users\Utilizador\Desktop\Projetos\Projeto\Konane.scala. Using presentation compiler with project's scala-library version: 3.3.7
2026.04.22 19:32:20 INFO  no build target found for C:\Users\Utilizador\Desktop\Projetos\Projeto\Konane.scala. Using presentation compiler with project's scala-library version: 3.3.7
2026.04.22 19:32:20 INFO  no build target found for C:\Users\Utilizador\Desktop\Projetos\Projeto\Konane.scala. Using presentation compiler with project's scala-library version: 3.3.7
2026.04.22 19:32:20 INFO  no build target found for C:\Users\Utilizador\Desktop\Projetos\Projeto\Konane.scala. Using presentation compiler with project's scala-library version: 3.3.7
2026.04.22 19:32:20 INFO  no build target found for C:\Users\Utilizador\Desktop\Projetos\Projeto\Konane.scala. Using presentation compiler with project's scala-library version: 3.3.7
2026.04.22 19:32:20 WARN  no build target for: C:\Users\Utilizador\Desktop\Projetos\Projeto\Konane.scala
2026.04.22 19:32:21 INFO  no build target found for C:\Users\Utilizador\Desktop\Projetos\Projeto\Konane.scala. Using presentation compiler with project's scala-library version: 3.3.7
2026.04.22 19:32:21 INFO  no build target found for C:\Users\Utilizador\Desktop\Projetos\Projeto\Konane.scala. Using presentation compiler with project's scala-library version: 3.3.7
2026.04.22 19:32:21 INFO  no build target found for C:\Users\Utilizador\Desktop\Projetos\Projeto\Konane.scala. Using presentation compiler with project's scala-library version: 3.3.7
2026.04.22 19:32:21 INFO  no build target found for C:\Users\Utilizador\Desktop\Projetos\Projeto\Konane.scala. Using presentation compiler with project's scala-library version: 3.3.7
2026.04.22 19:32:21 INFO  no build target found for C:\Users\Utilizador\Desktop\Projetos\Projeto\Konane.scala. Using presentation compiler with project's scala-library version: 3.3.7
2026.04.22 19:32:21 INFO  no build target found for C:\Users\Utilizador\Desktop\Projetos\Projeto\Konane.scala. Using presentation compiler with project's scala-library version: 3.3.7
2026.04.22 19:32:21 INFO  no build target found for C:\Users\Utilizador\Desktop\Projetos\Projeto\Konane.scala. Using presentation compiler with project's scala-library version: 3.3.7
2026.04.22 19:32:22 INFO  no build target found for C:\Users\Utilizador\Desktop\Projetos\Projeto\Konane.scala. Using presentation compiler with project's scala-library version: 3.3.7
2026.04.22 19:32:21 INFO  no build target found for C:\Users\Utilizador\Desktop\Projetos\Projeto\Konane.scala. Using presentation compiler with project's scala-library version: 3.3.7
2026.04.22 19:32:21 INFO  no build target found for C:\Users\Utilizador\Desktop\Projetos\Projeto\Konane.scala. Using presentation compiler with project's scala-library version: 3.3.7
2026.04.22 19:32:22 INFO  no build target found for C:\Users\Utilizador\Desktop\Projetos\Projeto\Konane.scala. Using presentation compiler with project's scala-library version: 3.3.7
2026.04.22 19:32:22 INFO  no build target found for C:\Users\Utilizador\Desktop\Projetos\Projeto\Konane.scala. Using presentation compiler with project's scala-library version: 3.3.7
2026.04.22 19:32:22 INFO  no build target found for C:\Users\Utilizador\Desktop\Projetos\Projeto\Konane.scala. Using presentation compiler with project's scala-library version: 3.3.7
2026.04.22 19:32:22 INFO  no build target found for C:\Users\Utilizador\Desktop\Projetos\Projeto\Konane.scala. Using presentation compiler with project's scala-library version: 3.3.7
2026.04.22 19:32:22 INFO  no build target found for C:\Users\Utilizador\Desktop\Projetos\Projeto\Konane.scala. Using presentation compiler with project's scala-library version: 3.3.7
2026.04.22 19:32:23 INFO  no build target found for C:\Users\Utilizador\Desktop\Projetos\Projeto\Konane.scala. Using presentation compiler with project's scala-library version: 3.3.7
2026.04.22 19:32:23 INFO  no build target found for C:\Users\Utilizador\Desktop\Projetos\Projeto\Konane.scala. Using presentation compiler with project's scala-library version: 3.3.7
2026.04.22 19:32:22 INFO  no build target found for C:\Users\Utilizador\Desktop\Projetos\Projeto\Konane.scala. Using presentation compiler with project's scala-library version: 3.3.7
2026.04.22 19:32:22 INFO  no build target found for C:\Users\Utilizador\Desktop\Projetos\Projeto\Konane.scala. Using presentation compiler with project's scala-library version: 3.3.7
2026.04.22 19:32:22 INFO  no build target found for C:\Users\Utilizador\Desktop\Projetos\Projeto\Konane.scala. Using presentation compiler with project's scala-library version: 3.3.7
2026.04.22 19:32:22 INFO  no build target found for C:\Users\Utilizador\Desktop\Projetos\Projeto\Konane.scala. Using presentation compiler with project's scala-library version: 3.3.7
2026.04.22 19:32:22 INFO  no build target found for C:\Users\Utilizador\Desktop\Projetos\Projeto\Konane.scala. Using presentation compiler with project's scala-library version: 3.3.7
2026.04.22 19:32:22 INFO  no build target found for C:\Users\Utilizador\Desktop\Projetos\Projeto\Konane.scala. Using presentation compiler with project's scala-library version: 3.3.7
2026.04.22 19:32:24 INFO  no build target found for C:\Users\Utilizador\Desktop\Projetos\Projeto\Konane.scala. Using presentation compiler with project's scala-library version: 3.3.7
2026.04.22 19:32:24 INFO  no build target found for C:\Users\Utilizador\Desktop\Projetos\Projeto\Konane.scala. Using presentation compiler with project's scala-library version: 3.3.7
2026.04.22 19:32:24 INFO  no build target found for C:\Users\Utilizador\Desktop\Projetos\Projeto\Konane.scala. Using presentation compiler with project's scala-library version: 3.3.7
2026.04.22 19:32:24 INFO  no build target found for C:\Users\Utilizador\Desktop\Projetos\Projeto\Konane.scala. Using presentation compiler with project's scala-library version: 3.3.7
2026.04.22 19:32:24 INFO  no build target found for C:\Users\Utilizador\Desktop\Projetos\Projeto\Konane.scala. Using presentation compiler with project's scala-library version: 3.3.7
2026.04.22 19:32:24 INFO  no build target found for C:\Users\Utilizador\Desktop\Projetos\Projeto\Konane.scala. Using presentation compiler with project's scala-library version: 3.3.7
2026.04.22 19:32:24 INFO  no build target found for C:\Users\Utilizador\Desktop\Projetos\Projeto\Konane.scala. Using presentation compiler with project's scala-library version: 3.3.7
2026.04.22 19:32:24 INFO  no build target found for C:\Users\Utilizador\Desktop\Projetos\Projeto\Konane.scala. Using presentation compiler with project's scala-library version: 3.3.7
2026.04.22 19:32:24 INFO  no build target found for C:\Users\Utilizador\Desktop\Projetos\Projeto\Konane.scala. Using presentation compiler with project's scala-library version: 3.3.7
2026.04.22 19:32:24 INFO  no build target found for C:\Users\Utilizador\Desktop\Projetos\Projeto\Konane.scala. Using presentation compiler with project's scala-library version: 3.3.7
2026.04.22 19:32:24 INFO  no build target found for C:\Users\Utilizador\Desktop\Projetos\Projeto\Konane.scala. Using presentation compiler with project's scala-library version: 3.3.7
2026.04.22 19:32:24 INFO  no build target found for C:\Users\Utilizador\Desktop\Projetos\Projeto\Konane.scala. Using presentation compiler with project's scala-library version: 3.3.7
2026.04.22 19:32:24 INFO  no build target found for C:\Users\Utilizador\Desktop\Projetos\Projeto\Konane.scala. Using presentation compiler with project's scala-library version: 3.3.7
2026.04.22 19:32:24 INFO  no build target found for C:\Users\Utilizador\Desktop\Projetos\Projeto\Konane.scala. Using presentation compiler with project's scala-library version: 3.3.7
2026.04.22 19:32:24 INFO  no build target found for C:\Users\Utilizador\Desktop\Projetos\Projeto\Konane.scala. Using presentation compiler with project's scala-library version: 3.3.7
2026.04.22 19:32:24 INFO  no build target found for C:\Users\Utilizador\Desktop\Projetos\Projeto\Konane.scala. Using presentation compiler with project's scala-library version: 3.3.7
2026.04.22 19:32:24 INFO  no build target found for C:\Users\Utilizador\Desktop\Projetos\Projeto\Konane.scala. Using presentation compiler with project's scala-library version: 3.3.7
2026.04.22 19:32:25 INFO  no build target found for C:\Users\Utilizador\Desktop\Projetos\Projeto\Konane.scala. Using presentation compiler with project's scala-library version: 3.3.7
2026.04.22 19:32:25 INFO  no build target found for C:\Users\Utilizador\Desktop\Projetos\Projeto\Konane.scala. Using presentation compiler with project's scala-library version: 3.3.7
2026.04.22 19:32:25 INFO  no build target found for C:\Users\Utilizador\Desktop\Projetos\Projeto\Konane.scala. Using presentation compiler with project's scala-library version: 3.3.7
2026.04.22 19:32:25 INFO  no build target found for C:\Users\Utilizador\Desktop\Projetos\Projeto\Konane.scala. Using presentation compiler with project's scala-library version: 3.3.7
2026.04.22 19:32:25 INFO  no build target found for C:\Users\Utilizador\Desktop\Projetos\Projeto\Konane.scala. Using presentation compiler with project's scala-library version: 3.3.7
2026.04.22 19:32:25 INFO  no build target found for C:\Users\Utilizador\Desktop\Projetos\Projeto\Konane.scala. Using presentation compiler with project's scala-library version: 3.3.7
2026.04.22 19:32:25 INFO  no build target found for C:\Users\Utilizador\Desktop\Projetos\Projeto\Konane.scala. Using presentation compiler with project's scala-library version: 3.3.7
2026.04.22 19:32:25 INFO  no build target found for C:\Users\Utilizador\Desktop\Projetos\Projeto\Konane.scala. Using presentation compiler with project's scala-library version: 3.3.7
2026.04.22 19:32:25 INFO  no build target found for C:\Users\Utilizador\Desktop\Projetos\Projeto\Konane.scala. Using presentation compiler with project's scala-library version: 3.3.7
abr. 22, 2026 7:32:25 DA TARDE org.eclipse.lsp4j.jsonrpc.RemoteEndpoint handleCancellation
WARNING: Unmatched cancel notification for request id 2945
2026.04.22 19:32:25 INFO  no build target found for C:\Users\Utilizador\Desktop\Projetos\Projeto\Konane.scala. Using presentation compiler with project's scala-library version: 3.3.7
2026.04.22 19:32:25 INFO  no build target found for C:\Users\Utilizador\Desktop\Projetos\Projeto\Konane.scala. Using presentation compiler with project's scala-library version: 3.3.7
2026.04.22 19:32:25 INFO  no build target found for C:\Users\Utilizador\Desktop\Projetos\Projeto\Konane.scala. Using presentation compiler with project's scala-library version: 3.3.7
2026.04.22 19:32:25 INFO  no build target found for C:\Users\Utilizador\Desktop\Projetos\Projeto\Konane.scala. Using presentation compiler with project's scala-library version: 3.3.7
2026.04.22 19:32:26 INFO  no build target found for C:\Users\Utilizador\Desktop\Projetos\Projeto\Konane.scala. Using presentation compiler with project's scala-library version: 3.3.7
2026.04.22 19:32:25 INFO  no build target found for C:\Users\Utilizador\Desktop\Projetos\Projeto\Konane.scala. Using presentation compiler with project's scala-library version: 3.3.7
2026.04.22 19:32:26 INFO  no build target found for C:\Users\Utilizador\Desktop\Projetos\Projeto\Konane.scala. Using presentation compiler with project's scala-library version: 3.3.7
2026.04.22 19:32:26 INFO  no build target found for C:\Users\Utilizador\Desktop\Projetos\Projeto\Konane.scala. Using presentation compiler with project's scala-library version: 3.3.7
2026.04.22 19:32:26 INFO  no build target found for C:\Users\Utilizador\Desktop\Projetos\Projeto\Konane.scala. Using presentation compiler with project's scala-library version: 3.3.7
2026.04.22 19:32:26 INFO  no build target found for C:\Users\Utilizador\Desktop\Projetos\Projeto\Konane.scala. Using presentation compiler with project's scala-library version: 3.3.7
2026.04.22 19:32:26 INFO  no build target found for C:\Users\Utilizador\Desktop\Projetos\Projeto\Konane.scala. Using presentation compiler with project's scala-library version: 3.3.7
2026.04.22 19:32:26 INFO  no build target found for C:\Users\Utilizador\Desktop\Projetos\Projeto\Konane.scala. Using presentation compiler with project's scala-library version: 3.3.7
2026.04.22 19:32:27 INFO  no build target found for C:\Users\Utilizador\Desktop\Projetos\Projeto\Konane.scala. Using presentation compiler with project's scala-library version: 3.3.7
2026.04.22 19:32:26 INFO  no build target found for C:\Users\Utilizador\Desktop\Projetos\Projeto\Konane.scala. Using presentation compiler with project's scala-library version: 3.3.7
2026.04.22 19:32:27 INFO  no build target found for C:\Users\Utilizador\Desktop\Projetos\Projeto\Konane.scala. Using presentation compiler with project's scala-library version: 3.3.7
2026.04.22 19:32:26 INFO  no build target found for C:\Users\Utilizador\Desktop\Projetos\Projeto\Konane.scala. Using presentation compiler with project's scala-library version: 3.3.7
2026.04.22 19:32:27 WARN  no build target for: C:\Users\Utilizador\Desktop\Projetos\Projeto\Konane.scala
2026.04.22 19:32:27 INFO  no build target found for C:\Users\Utilizador\Desktop\Projetos\Projeto\Konane.scala. Using presentation compiler with project's scala-library version: 3.3.7
2026.04.22 19:32:28 INFO  no build target found for C:\Users\Utilizador\Desktop\Projetos\Projeto\Konane.scala. Using presentation compiler with project's scala-library version: 3.3.7
2026.04.22 19:32:28 INFO  no build target found for C:\Users\Utilizador\Desktop\Projetos\Projeto\Konane.scala. Using presentation compiler with project's scala-library version: 3.3.7
2026.04.22 19:32:28 INFO  no build target found for C:\Users\Utilizador\Desktop\Projetos\Projeto\Konane.scala. Using presentation compiler with project's scala-library version: 3.3.7
2026.04.22 19:32:29 INFO  no build target found for C:\Users\Utilizador\Desktop\Projetos\Projeto\Konane.scala. Using presentation compiler with project's scala-library version: 3.3.7
2026.04.22 19:32:29 INFO  no build target found for C:\Users\Utilizador\Desktop\Projetos\Projeto\Konane.scala. Using presentation compiler with project's scala-library version: 3.3.7
2026.04.22 19:32:37 INFO  no build target found for C:\Users\Utilizador\Desktop\Projetos\Projeto\Konane.scala. Using presentation compiler with project's scala-library version: 3.3.7
2026.04.22 19:32:37 INFO  no build target found for C:\Users\Utilizador\Desktop\Projetos\Projeto\Konane.scala. Using presentation compiler with project's scala-library version: 3.3.7
2026.04.22 19:32:37 INFO  no build target found for C:\Users\Utilizador\Desktop\Projetos\Projeto\Konane.scala. Using presentation compiler with project's scala-library version: 3.3.7
2026.04.22 19:32:38 INFO  no build target found for C:\Users\Utilizador\Desktop\Projetos\Projeto\Konane.scala. Using presentation compiler with project's scala-library version: 3.3.7
2026.04.22 19:32:38 INFO  no build target found for C:\Users\Utilizador\Desktop\Projetos\Projeto\Konane.scala. Using presentation compiler with project's scala-library version: 3.3.7
2026.04.22 19:32:39 INFO  no build target found for C:\Users\Utilizador\Desktop\Projetos\Projeto\Konane.scala. Using presentation compiler with project's scala-library version: 3.3.7
2026.04.22 19:32:39 INFO  no build target found for C:\Users\Utilizador\Desktop\Projetos\Projeto\Konane.scala. Using presentation compiler with project's scala-library version: 3.3.7
2026.04.22 19:32:39 INFO  no build target found for C:\Users\Utilizador\Desktop\Projetos\Projeto\Konane.scala. Using presentation compiler with project's scala-library version: 3.3.7
2026.04.22 19:32:39 INFO  no build target found for C:\Users\Utilizador\Desktop\Projetos\Projeto\Konane.scala. Using presentation compiler with project's scala-library version: 3.3.7
2026.04.22 19:32:40 INFO  no build target found for C:\Users\Utilizador\Desktop\Projetos\Projeto\Konane.scala. Using presentation compiler with project's scala-library version: 3.3.7
2026.04.22 19:32:39 INFO  no build target found for C:\Users\Utilizador\Desktop\Projetos\Projeto\Konane.scala. Using presentation compiler with project's scala-library version: 3.3.7
2026.04.22 19:32:40 INFO  no build target found for C:\Users\Utilizador\Desktop\Projetos\Projeto\Konane.scala. Using presentation compiler with project's scala-library version: 3.3.7
2026.04.22 19:32:40 INFO  no build target found for C:\Users\Utilizador\Desktop\Projetos\Projeto\Konane.scala. Using presentation compiler with project's scala-library version: 3.3.7
2026.04.22 19:32:40 INFO  no build target found for C:\Users\Utilizador\Desktop\Projetos\Projeto\Konane.scala. Using presentation compiler with project's scala-library version: 3.3.7
2026.04.22 19:32:40 INFO  no build target found for C:\Users\Utilizador\Desktop\Projetos\Projeto\Konane.scala. Using presentation compiler with project's scala-library version: 3.3.7
2026.04.22 19:32:40 INFO  no build target found for C:\Users\Utilizador\Desktop\Projetos\Projeto\Konane.scala. Using presentation compiler with project's scala-library version: 3.3.7
2026.04.22 19:32:41 INFO  no build target found for C:\Users\Utilizador\Desktop\Projetos\Projeto\Konane.scala. Using presentation compiler with project's scala-library version: 3.3.7
2026.04.22 19:32:41 INFO  no build target found for C:\Users\Utilizador\Desktop\Projetos\Projeto\Konane.scala. Using presentation compiler with project's scala-library version: 3.3.7
2026.04.22 19:32:42 WARN  no build target for: C:\Users\Utilizador\Desktop\Projetos\Projeto\Konane.scala
2026.04.22 19:32:41 INFO  no build target found for C:\Users\Utilizador\Desktop\Projetos\Projeto\Konane.scala. Using presentation compiler with project's scala-library version: 3.3.7
2026.04.22 19:32:44 INFO  no build target found for C:\Users\Utilizador\Desktop\Projetos\Projeto\Konane.scala. Using presentation compiler with project's scala-library version: 3.3.7
2026.04.22 19:32:45 INFO  no build target found for C:\Users\Utilizador\Desktop\Projetos\Projeto\Konane.scala. Using presentation compiler with project's scala-library version: 3.3.7
2026.04.22 19:32:45 INFO  no build target found for C:\Users\Utilizador\Desktop\Projetos\Projeto\Konane.scala. Using presentation compiler with project's scala-library version: 3.3.7
2026.04.22 19:32:45 INFO  no build target found for C:\Users\Utilizador\Desktop\Projetos\Projeto\Konane.scala. Using presentation compiler with project's scala-library version: 3.3.7
2026.04.22 19:32:46 INFO  no build target found for C:\Users\Utilizador\Desktop\Projetos\Projeto\Konane.scala. Using presentation compiler with project's scala-library version: 3.3.7
2026.04.22 19:32:46 INFO  no build target found for C:\Users\Utilizador\Desktop\Projetos\Projeto\Konane.scala. Using presentation compiler with project's scala-library version: 3.3.7
2026.04.22 19:32:48 INFO  no build target found for C:\Users\Utilizador\Desktop\Projetos\Projeto\Konane.scala. Using presentation compiler with project's scala-library version: 3.3.7
2026.04.22 19:32:48 INFO  no build target found for C:\Users\Utilizador\Desktop\Projetos\Projeto\Konane.scala. Using presentation compiler with project's scala-library version: 3.3.7
2026.04.22 19:32:48 INFO  no build target found for C:\Users\Utilizador\Desktop\Projetos\Projeto\Konane.scala. Using presentation compiler with project's scala-library version: 3.3.7
2026.04.22 19:32:48 INFO  no build target found for C:\Users\Utilizador\Desktop\Projetos\Projeto\Konane.scala. Using presentation compiler with project's scala-library version: 3.3.7
2026.04.22 19:32:48 INFO  no build target found for C:\Users\Utilizador\Desktop\Projetos\Projeto\Konane.scala. Using presentation compiler with project's scala-library version: 3.3.7
2026.04.22 19:33:03 INFO  no build target found for C:\Users\Utilizador\Desktop\Projetos\Projeto\Konane.scala. Using presentation compiler with project's scala-library version: 3.3.7
2026.04.22 19:33:09 INFO  no build target found for C:\Users\Utilizador\Desktop\Projetos\Projeto\Konane.scala. Using presentation compiler with project's scala-library version: 3.3.7
2026.04.22 19:33:24 INFO  no build target found for C:\Users\Utilizador\Desktop\Projetos\Projeto\Konane.scala. Using presentation compiler with project's scala-library version: 3.3.7
2026.04.22 19:33:32 INFO  no build target found for C:\Users\Utilizador\Desktop\Projetos\Projeto\Konane.scala. Using presentation compiler with project's scala-library version: 3.3.7
2026.04.22 19:33:54 INFO  no build target found for C:\Users\Utilizador\Desktop\Projetos\Projeto\Konane.scala. Using presentation compiler with project's scala-library version: 3.3.7
2026.04.22 19:33:59 INFO  no build target found for C:\Users\Utilizador\Desktop\Projetos\Projeto\RandomWithState.scala. Using presentation compiler with project's scala-library version: 3.3.7
2026.04.22 19:33:59 WARN  no build target for: C:\Users\Utilizador\Desktop\Projetos\Projeto\RandomWithState.scala
2026.04.22 19:33:59 INFO  no build target found for C:\Users\Utilizador\Desktop\Projetos\Projeto\RandomWithState.scala. Using presentation compiler with project's scala-library version: 3.3.7
2026.04.22 19:33:59 INFO  no build target found for C:\Users\Utilizador\Desktop\Projetos\Projeto\RandomWithState.scala. Using presentation compiler with project's scala-library version: 3.3.7
2026.04.22 19:33:59 INFO  no build target found for C:\Users\Utilizador\Desktop\Projetos\Projeto\RandomWithState.scala. Using presentation compiler with project's scala-library version: 3.3.7
2026.04.22 19:34:02 INFO  no build target found for C:\Users\Utilizador\Desktop\Projetos\Projeto\RandomWithState.scala. Using presentation compiler with project's scala-library version: 3.3.7
2026.04.22 19:34:02 INFO  no build target found for C:\Users\Utilizador\Desktop\Projetos\Projeto\Utils.scala. Using presentation compiler with project's scala-library version: 3.3.7
2026.04.22 19:34:02 WARN  no build target for: C:\Users\Utilizador\Desktop\Projetos\Projeto\Utils.scala
2026.04.22 19:34:02 INFO  no build target found for C:\Users\Utilizador\Desktop\Projetos\Projeto\Utils.scala. Using presentation compiler with project's scala-library version: 3.3.7
2026.04.22 19:34:02 INFO  no build target found for C:\Users\Utilizador\Desktop\Projetos\Projeto\Utils.scala. Using presentation compiler with project's scala-library version: 3.3.7
2026.04.22 19:34:02 INFO  no build target found for C:\Users\Utilizador\Desktop\Projetos\Projeto\Utils.scala. Using presentation compiler with project's scala-library version: 3.3.7
2026.04.22 19:34:02 INFO  no build target found for C:\Users\Utilizador\Desktop\Projetos\Projeto\Utils.scala. Using presentation compiler with project's scala-library version: 3.3.7
2026.04.22 19:34:12 INFO  no build target found for C:\Users\Utilizador\Desktop\Projetos\Projeto\Utils.scala. Using presentation compiler with project's scala-library version: 3.3.7
2026.04.22 19:34:12 INFO  no build target found for C:\Users\Utilizador\Desktop\Projetos\Projeto\MyRandom.scala. Using presentation compiler with project's scala-library version: 3.3.7
2026.04.22 19:34:12 WARN  no build target for: C:\Users\Utilizador\Desktop\Projetos\Projeto\MyRandom.scala
2026.04.22 19:34:12 INFO  no build target found for C:\Users\Utilizador\Desktop\Projetos\Projeto\MyRandom.scala. Using presentation compiler with project's scala-library version: 3.3.7
2026.04.22 19:34:12 INFO  no build target found for C:\Users\Utilizador\Desktop\Projetos\Projeto\MyRandom.scala. Using presentation compiler with project's scala-library version: 3.3.7
2026.04.22 19:34:12 INFO  no build target found for C:\Users\Utilizador\Desktop\Projetos\Projeto\MyRandom.scala. Using presentation compiler with project's scala-library version: 3.3.7
2026.04.22 19:34:12 INFO  no build target found for C:\Users\Utilizador\Desktop\Projetos\Projeto\MyRandom.scala. Using presentation compiler with project's scala-library version: 3.3.7
2026.04.22 19:34:14 INFO  no build target found for C:\Users\Utilizador\Desktop\Projetos\Projeto\MyRandom.scala. Using presentation compiler with project's scala-library version: 3.3.7
2026.04.22 19:34:16 INFO  no build target found for C:\Users\Utilizador\Desktop\Projetos\Projeto\MyRandom.scala. Using presentation compiler with project's scala-library version: 3.3.7
2026.04.22 19:34:16 INFO  no build target found for C:\Users\Utilizador\Desktop\Projetos\Projeto\MyRandom.scala. Using presentation compiler with project's scala-library version: 3.3.7
2026.04.22 19:34:16 INFO  no build target found for C:\Users\Utilizador\Desktop\Projetos\Projeto\MyRandom.scala. Using presentation compiler with project's scala-library version: 3.3.7
2026.04.22 19:34:18 INFO  no build target found for C:\Users\Utilizador\Desktop\Projetos\Projeto\MyRandom.scala. Using presentation compiler with project's scala-library version: 3.3.7
2026.04.22 19:34:18 INFO  no build target found for C:\Users\Utilizador\Desktop\Projetos\Projeto\MyRandom.scala. Using presentation compiler with project's scala-library version: 3.3.7
2026.04.22 19:34:18 INFO  no build target found for C:\Users\Utilizador\Desktop\Projetos\Projeto\MyRandom.scala. Using presentation compiler with project's scala-library version: 3.3.7
2026.04.22 19:39:06 INFO  no build target found for C:\Users\Utilizador\Desktop\Projetos\Projeto\MyRandom.scala. Using presentation compiler with project's scala-library version: 3.3.7
2026.04.22 19:43:04 INFO  no build target found for C:\Users\Utilizador\Desktop\Projetos\Projeto\Konane.scala. Using presentation compiler with project's scala-library version: 3.3.7
2026.04.22 19:43:04 WARN  no build target for: C:\Users\Utilizador\Desktop\Projetos\Projeto\Konane.scala
2026.04.22 19:43:04 INFO  no build target found for C:\Users\Utilizador\Desktop\Projetos\Projeto\Konane.scala. Using presentation compiler with project's scala-library version: 3.3.7
2026.04.22 19:43:04 INFO  no build target found for C:\Users\Utilizador\Desktop\Projetos\Projeto\Konane.scala. Using presentation compiler with project's scala-library version: 3.3.7
2026.04.22 19:43:04 INFO  no build target found for C:\Users\Utilizador\Desktop\Projetos\Projeto\Konane.scala. Using presentation compiler with project's scala-library version: 3.3.7
2026.04.22 20:03:44 INFO  Shutting down server
2026.04.22 20:03:44 INFO  Memory monitor stopped
2026.04.22 20:03:44 INFO  shutting down Metals
2026.04.22 20:03:44 INFO  Exiting server
2026.04.23 08:53:33 INFO  Started: Metals version 1.6.7 in folders 'C:\Users\Utilizador\Desktop\Projetos\Projeto' for client Visual Studio Code 1.117.0.
2026.04.23 08:53:35 INFO  Memory monitor started
2026.04.23 08:53:36 WARN  Using H2 2.4.240 which is newer than the version Flyway has been verified with. The latest verified version of H2 is 2.3.232.
2026.04.23 08:53:36 INFO  no build target found for C:\Users\Utilizador\Desktop\Projetos\Projeto\Konane.scala. Using presentation compiler with project's scala-library version: 3.3.7
abr. 23, 2026 8:53:41 DA MANHÃ org.eclipse.lsp4j.jsonrpc.services.GenericEndpoint notify
INFO: Unsupported notification method: $/setTrace
abr. 23, 2026 8:53:41 DA MANHÃ org.eclipse.lsp4j.jsonrpc.RemoteEndpoint handleCancellation
WARNING: Unmatched cancel notification for request id 2
2026.04.23 08:53:41 INFO  no build target found for C:\Users\Utilizador\Desktop\Projetos\Projeto\Konane.scala. Using presentation compiler with project's scala-library version: 3.3.7
2026.04.23 08:53:41 INFO  no build target found for C:\Users\Utilizador\Desktop\Projetos\Projeto\Konane.scala. Using presentation compiler with project's scala-library version: 3.3.7
abr. 23, 2026 8:53:41 DA MANHÃ org.eclipse.lsp4j.jsonrpc.RemoteEndpoint handleCancellation
WARNING: Unmatched cancel notification for request id 3
2026.04.23 08:53:41 INFO  Attempting to connect to the build server...
2026.04.23 08:53:58 ERROR Timeout while sending showMessageRequest
java.util.concurrent.TimeoutException: Future timed out after [15 seconds]
	at scala.concurrent.Future$.timeoutError(Future.scala:581)
	at scala.concurrent.impl.Promise$DefaultPromise.tryAwait0(Promise.scala:258)
	at scala.concurrent.impl.Promise$DefaultPromise.result(Promise.scala:271)
	at scala.concurrent.Await$.$anonfun$result$1(package.scala:208)
	at scala.concurrent.BlockContext$DefaultBlockContext$.blockOn(BlockContext.scala:62)
	at scala.concurrent.Await$.result(package.scala:125)
	at scala.meta.internal.metals.MetalsEnrichments$XtensionScalaFuture.$anonfun$withTimeout$1(MetalsEnrichments.scala:297)
	at scala.concurrent.Future$.$anonfun$apply$1(Future.scala:691)
	at scala.concurrent.impl.Promise$Transformation.run(Promise.scala:500)
	at java.util.concurrent.ThreadPoolExecutor.runWorker(ThreadPoolExecutor.java:1144)
	at java.util.concurrent.ThreadPoolExecutor$Worker.run(ThreadPoolExecutor.java:642)
	at java.lang.Thread.run(Thread.java:1583)

2026.04.23 08:53:58 ERROR Failed to connect with build server, no functionality will work.
java.util.NoSuchElementException: key not found: Missed by user
	at scala.collection.immutable.Map$Map2.apply(Map.scala:316)
	at scala.meta.internal.bsp.BspConnector.$anonfun$connect$26(BspConnector.scala:228)
	at scala.Option.map(Option.scala:242)
	at scala.meta.internal.bsp.BspConnector.$anonfun$connect$25(BspConnector.scala:228)
	at scala.concurrent.impl.Promise$Transformation.run(Promise.scala:500)
	at java.util.concurrent.ThreadPoolExecutor.runWorker(ThreadPoolExecutor.java:1144)
	at java.util.concurrent.ThreadPoolExecutor$Worker.run(ThreadPoolExecutor.java:642)
	at java.lang.Thread.run(Thread.java:1583)

2026.04.23 08:53:58 INFO  no build target found for C:\Users\Utilizador\Desktop\Projetos\Projeto\Konane.scala. Using presentation compiler with project's scala-library version: 3.3.7
2026.04.23 08:53:58 WARN  no build target for: C:\Users\Utilizador\Desktop\Projetos\Projeto\Konane.scala
2026.04.23 08:53:58 INFO  no build target found for C:\Users\Utilizador\Desktop\Projetos\Projeto\Konane.scala. Using presentation compiler with project's scala-library version: 3.3.7
2026.04.23 08:54:00 INFO  time: code lens generation in 2.22s
2026.04.23 08:54:32 INFO  no build target found for C:\Users\Utilizador\Desktop\Projetos\Projeto\Konane.scala. Using presentation compiler with project's scala-library version: 3.3.7
2026.04.23 08:55:17 INFO  no build target found for C:\Users\Utilizador\Desktop\Projetos\Projeto\Konane.scala. Using presentation compiler with project's scala-library version: 3.3.7
2026.04.23 08:55:48 INFO  no build target found for C:\Users\Utilizador\Desktop\Projetos\Projeto\Konane.scala. Using presentation compiler with project's scala-library version: 3.3.7
2026.04.23 08:55:48 INFO  no build target found for C:\Users\Utilizador\Desktop\Projetos\Projeto\Konane.scala. Using presentation compiler with project's scala-library version: 3.3.7
2026.04.23 08:55:48 INFO  no build target found for C:\Users\Utilizador\Desktop\Projetos\Projeto\Konane.scala. Using presentation compiler with project's scala-library version: 3.3.7
2026.04.23 10:44:19 INFO  no build target found for C:\Users\Utilizador\Desktop\Projetos\Projeto\Konane.scala. Using presentation compiler with project's scala-library version: 3.3.7
2026.04.23 10:44:23 INFO  Shutting down server
2026.04.23 10:44:23 INFO  Memory monitor stopped
2026.04.23 10:44:23 INFO  shutting down Metals
2026.04.23 10:44:23 INFO  Exiting server
2026.05.02 13:39:04 INFO  Started: Metals version 1.6.7 in folders 'C:\Users\Utilizador\Desktop\Projetos\Projeto' for client Visual Studio Code 1.117.0.
2026.05.02 13:39:04 INFO  Memory monitor started
2026.05.02 13:39:07 WARN  Using H2 2.4.240 which is newer than the version Flyway has been verified with. The latest verified version of H2 is 2.3.232.
2026.05.02 13:39:07 INFO  no build target found for C:\Users\Utilizador\Desktop\Projetos\Projeto\Konane.scala. Using presentation compiler with project's scala-library version: 3.3.7
2026.05.02 13:39:14 INFO  no build target found for C:\Users\Utilizador\Desktop\Projetos\Projeto\Konane.scala. Using presentation compiler with project's scala-library version: 3.3.7
2026.05.02 13:39:14 INFO  Attempting to connect to the build server...
2026.05.02 13:39:30 ERROR Timeout while sending showMessageRequest
java.util.concurrent.TimeoutException: Future timed out after [15 seconds]
	at scala.concurrent.Future$.timeoutError(Future.scala:581)
	at scala.concurrent.impl.Promise$DefaultPromise.tryAwait0(Promise.scala:258)
	at scala.concurrent.impl.Promise$DefaultPromise.result(Promise.scala:271)
	at scala.concurrent.Await$.$anonfun$result$1(package.scala:208)
	at scala.concurrent.BlockContext$DefaultBlockContext$.blockOn(BlockContext.scala:62)
	at scala.concurrent.Await$.result(package.scala:125)
	at scala.meta.internal.metals.MetalsEnrichments$XtensionScalaFuture.$anonfun$withTimeout$1(MetalsEnrichments.scala:297)
	at scala.concurrent.Future$.$anonfun$apply$1(Future.scala:691)
	at scala.concurrent.impl.Promise$Transformation.run(Promise.scala:500)
	at java.util.concurrent.ThreadPoolExecutor.runWorker(ThreadPoolExecutor.java:1144)
	at java.util.concurrent.ThreadPoolExecutor$Worker.run(ThreadPoolExecutor.java:642)
	at java.lang.Thread.run(Thread.java:1583)

2026.05.02 13:39:30 ERROR Failed to connect with build server, no functionality will work.
java.util.NoSuchElementException: key not found: Missed by user
	at scala.collection.immutable.Map$Map2.apply(Map.scala:316)
	at scala.meta.internal.bsp.BspConnector.$anonfun$connect$26(BspConnector.scala:228)
	at scala.Option.map(Option.scala:242)
	at scala.meta.internal.bsp.BspConnector.$anonfun$connect$25(BspConnector.scala:228)
	at scala.concurrent.impl.Promise$Transformation.run(Promise.scala:500)
	at java.util.concurrent.ThreadPoolExecutor.runWorker(ThreadPoolExecutor.java:1144)
	at java.util.concurrent.ThreadPoolExecutor$Worker.run(ThreadPoolExecutor.java:642)
	at java.lang.Thread.run(Thread.java:1583)

2026.05.02 13:39:30 INFO  no build target found for C:\Users\Utilizador\Desktop\Projetos\Projeto\Konane.scala. Using presentation compiler with project's scala-library version: 3.3.7
2026.05.02 13:39:30 WARN  no build target for: C:\Users\Utilizador\Desktop\Projetos\Projeto\Konane.scala
2026.05.02 13:39:30 INFO  no build target found for C:\Users\Utilizador\Desktop\Projetos\Projeto\Konane.scala. Using presentation compiler with project's scala-library version: 3.3.7
2026.05.02 13:39:33 INFO  time: code lens generation in 3.39s
2026.05.02 13:45:12 INFO  no build target found for C:\Users\Utilizador\Desktop\Projetos\Projeto\Konane.scala. Using presentation compiler with project's scala-library version: 3.3.7
2026.05.02 13:45:13 INFO  no build target found for C:\Users\Utilizador\Desktop\Projetos\Projeto\Konane.scala. Using presentation compiler with project's scala-library version: 3.3.7
2026.05.02 13:45:19 INFO  no build target found for C:\Users\Utilizador\Desktop\Projetos\Projeto\Konane.scala. Using presentation compiler with project's scala-library version: 3.3.7
2026.05.02 13:45:19 INFO  no build target found for C:\Users\Utilizador\Desktop\Projetos\Projeto\Konane.scala. Using presentation compiler with project's scala-library version: 3.3.7
2026.05.02 13:45:19 INFO  Shutting down server
2026.05.02 13:45:19 INFO  Memory monitor stopped
2026.05.02 13:45:19 INFO  shutting down Metals
2026.05.02 13:45:19 INFO  Exiting server
2026.06.15 22:07:55 INFO  Started: Metals version 1.6.7 in folders 'C:\Users\Utilizador\Desktop\Projetos\Projeto' for client Visual Studio Code 1.124.2.
2026.06.15 22:07:55 INFO  Memory monitor started
2026.06.15 22:07:56 WARN  Using H2 2.4.240 which is newer than the version Flyway has been verified with. The latest verified version of H2 is 2.3.232.
2026.06.15 22:07:56 INFO  no build target found for C:\Users\Utilizador\Desktop\Projetos\Projeto\Konane.scala. Using presentation compiler with project's scala-library version: 3.3.7
jun. 15, 2026 10:08:01 DA TARDE org.eclipse.lsp4j.jsonrpc.services.GenericEndpoint notify
INFO: Unsupported notification method: $/setTrace
jun. 15, 2026 10:08:01 DA TARDE org.eclipse.lsp4j.jsonrpc.RemoteEndpoint handleCancellation
WARNING: Unmatched cancel notification for request id 2
2026.06.15 22:08:01 INFO  no build target found for C:\Users\Utilizador\Desktop\Projetos\Projeto\Konane.scala. Using presentation compiler with project's scala-library version: 3.3.7
2026.06.15 22:08:01 INFO  no build target found for C:\Users\Utilizador\Desktop\Projetos\Projeto\Konane.scala. Using presentation compiler with project's scala-library version: 3.3.7
2026.06.15 22:08:02 INFO  Attempting to connect to the build server...
jun. 15, 2026 10:08:02 DA TARDE org.eclipse.lsp4j.jsonrpc.RemoteEndpoint handleCancellation
WARNING: Unmatched cancel notification for request id 10
2026.06.15 22:08:03 INFO  no build target found for C:\Users\Utilizador\Desktop\Projetos\Projeto\Konane.scala. Using presentation compiler with project's scala-library version: 3.3.7
2026.06.15 22:08:17 ERROR Timeout while sending showMessageRequest
java.util.concurrent.TimeoutException: Future timed out after [15 seconds]
	at scala.concurrent.Future$.timeoutError(Future.scala:581)
	at scala.concurrent.impl.Promise$DefaultPromise.tryAwait0(Promise.scala:258)
	at scala.concurrent.impl.Promise$DefaultPromise.result(Promise.scala:271)
	at scala.concurrent.Await$.$anonfun$result$1(package.scala:208)
	at scala.concurrent.BlockContext$DefaultBlockContext$.blockOn(BlockContext.scala:62)
	at scala.concurrent.Await$.result(package.scala:125)
	at scala.meta.internal.metals.MetalsEnrichments$XtensionScalaFuture.$anonfun$withTimeout$1(MetalsEnrichments.scala:297)
	at scala.concurrent.Future$.$anonfun$apply$1(Future.scala:691)
	at scala.concurrent.impl.Promise$Transformation.run(Promise.scala:500)
	at java.util.concurrent.ThreadPoolExecutor.runWorker(ThreadPoolExecutor.java:1144)
	at java.util.concurrent.ThreadPoolExecutor$Worker.run(ThreadPoolExecutor.java:642)
	at java.lang.Thread.run(Thread.java:1583)

2026.06.15 22:08:17 ERROR Failed to connect with build server, no functionality will work.
java.util.NoSuchElementException: key not found: Missed by user
	at scala.collection.immutable.Map$Map2.apply(Map.scala:316)
	at scala.meta.internal.bsp.BspConnector.$anonfun$connect$26(BspConnector.scala:228)
	at scala.Option.map(Option.scala:242)
	at scala.meta.internal.bsp.BspConnector.$anonfun$connect$25(BspConnector.scala:228)
	at scala.concurrent.impl.Promise$Transformation.run(Promise.scala:500)
	at java.util.concurrent.ThreadPoolExecutor.runWorker(ThreadPoolExecutor.java:1144)
	at java.util.concurrent.ThreadPoolExecutor$Worker.run(ThreadPoolExecutor.java:642)
	at java.lang.Thread.run(Thread.java:1583)

2026.06.15 22:08:17 INFO  no build target found for C:\Users\Utilizador\Desktop\Projetos\Projeto\Konane.scala. Using presentation compiler with project's scala-library version: 3.3.7
2026.06.15 22:08:17 WARN  no build target for: C:\Users\Utilizador\Desktop\Projetos\Projeto\Konane.scala
2026.06.15 22:08:17 INFO  no build target found for C:\Users\Utilizador\Desktop\Projetos\Projeto\Konane.scala. Using presentation compiler with project's scala-library version: 3.3.7
2026.06.15 22:08:19 INFO  time: code lens generation in 2.62s
2026.06.15 22:08:19 INFO  time: code lens generation in 2.62s
jun. 15, 2026 10:08:37 DA TARDE org.eclipse.lsp4j.jsonrpc.services.GenericEndpoint notify
INFO: Unsupported notification method: $/setTrace
2026.06.15 22:08:47 INFO  Shutting down server
2026.06.15 22:08:47 INFO  Memory monitor stopped
2026.06.15 22:08:47 INFO  shutting down Metals
2026.06.15 22:08:47 INFO  Exiting server
